,도로명,카메라대수,위도,경도,시군구코드
16418, 대학동 210 관악산공원 주차장1,1,37.46831654,126.9456034,11620
16419, 대학동 210 관악산공원 주차장1,1,37.46824624,126.945476,11620
16420, 대학동 210 관악산공원 피크닉숲,1,37.46185796,126.9479584,11620
16421, 대학동 210 관악산공원 야외식물원,1,37.4609092,126.94819960000001,11620
16422, 대학동 210 관악산공원 제1야영장,2,37.45796926,126.94641329999999,11620
16423, 대학동 210 관악산공원 제2야영장,1,37.45560656,126.9453963,11620
16424, 청룡동 산151-139 장군봉근린공원1(메인),1,37.47969721,126.93720320000001,11620
16425, 청룡동 산151-139 장군봉근린공원2(서브),1,37.47983361,126.93636969999999,11620
16426, 청룡동 산151-139 장군봉근린공원3(서브),1,37.48048489,126.93686329999998,11620
16427, 양산길 21-2 양산어린이공원,1,37.47369949,126.93265829999999,11620
16428, 승방1길 79 군아파트어린이공원,1,37.47177181,126.97905359999999,11620
16429, 봉천로33가길 19-10 한뼘동래공원,1,37.48472219,126.9448623,11620
16430, 당곡2길 112 상도근린공원,1,37.49274898,126.9350922,11620
16431, 법원단지18길 31 남강창의어린이공원,1,37.47331235,126.92363629999998,11620
16432, 난곡동 산 90-2 일삼별공원 농구코트,1,37.4667325,126.9237165,11620
16433, 남현동 산 65 관음사지구 둘레길화장실앞,1,37.46985456,126.9778824,11620
16434, 대학동 산 56-2 무장애등산로1,1,37.45641695,126.9461288,11620
16435, 미성동 산 117-3 선우공원 생태지역 진입부,1,37.46924978,126.9126727,11620
16436, 미성동 산 197-31 신림근린공원 쉼터지역,1,37.48097851,126.916495,11620
16437, 미성동 산 197-31 신림근린공원 운동시설,1,37.48021998,126.91582690000001,11620
16438, 보라매동 산 118-6 상도근린공원 약수터주변,1,37.49183062,126.93626129999998,11620
16439, 은천동 산 103-3 상도근린공원 맷돌체육회,1,37.49202819,126.9402673,11620
16440, 성현동 산 1718-9 상도근린공원 봉현배수지,1,37.49312281,126.94530759999999,11620
16441, 청룡동 산 175-6 유아숲체험장 진입부분,1,37.47472773,126.9493561,11620
16442, 청룡동 산 175-6 유아숲체험장 숲속쉼터,1,37.47469864,126.94824640000002,11620
16443, 청룡동 산 175-27 청룡산공원 휴게테크,1,37.47521741,126.95156440000001,11620
16444, 청룡산 산 175-27 청룡산공원 운동공간,1,37.47535786,126.9510767,11620
16445, 남부순환로251길 20 까치산근린공원 경로당 및 놀이터앞,1,37.47646946,126.96963059999999,11620
16446, 남부순환로251길 20 까치산근린공원 화장실앞,1,37.47648687,126.9701338,11620
16540, 청룡동 556-91 청룡산공원,1,37.47727121,126.9493785,11620
16541, 청룡동 556-91 청룡산공원,1,37.47695176,126.9493817,11620
16542, 행운4길 2 까치어린이공원,1,37.47984474,126.9593811,11620
16543, 행운4길 2 까치어린이공원,1,37.4798474,126.9598386,11620
16544, 미성8길 3-20 신라창의어린이공원,1,37.47351263,126.91267309999999,11620
16545, 봉천로21길 67 국사봉어린이공원,1,37.48996775,126.9342732,11620
16546, 국회단지10길 22 은천어린이공원,1,37.48838569,126.94295859999998,11620
16547, 난곡로43길 25 한라어린이공원,1,37.47566349,126.91483999999998,11620
16548, 관악산공원 돌산화장실앞,1,37.4666724,126.9470937,11620
16549, 관악산공원 호수공원 01,1,37.45853189,126.946999,11620
16550, 관악산공원 호수공원 02,1,37.45887888,126.947301,11620
16551, 대학동 208 맨발공원,1,37.46685449,126.9443101,11620
16552, 대학길 129 샘말공원01,1,37.46499971,126.93847199999999,11620
16553, 대학길 129 샘말공원02,1,37.46455265,126.93809809999999,11620
16554, 난곡로11길 40 난곡공원01,1,37.46569065,126.9171947,11620
16555, 난곡로11길 40 난곡공원02,1,37.46595976,126.91723,11620
16556, 법원단지5나길 76 난우공원01,1,37.47739069,126.92271799999999,11620
16557, 법원단지5나길 76 난우공원02,1,37.47771547,126.9221625,11620
16558, 미성동 산 117-3 선우공원01,1,37.46879472,126.9130441,11620
16559, 미성동 산 117-3 선우공원01,1,37.46663318,126.91405309999999,11620
16560, 난곡로26길 135 신림6배수지공원01,1,37.46823737,126.9264493,11620
16561, 난곡로26길 135 신림6배수지공원02,1,37.46833633,126.92591329999999,11620
16562, 인헌길 169-21 봉천11배수지공원,1,37.46909557,126.96996299999999,11620
16563, 삼성동 1713-6 배수지공원,1,37.46331438,126.9272212,11620
16564, 보라매동 산104-9 상도근린공원01,1,37.48890915,126.9381012,11620
16565, 보라매동 산104-9 상도근린공원02,1,37.48935129,126.9379689,11620
16566, 보라매동 산104-9 상도근린공원03,1,37.48929225,126.93834299999999,11620
16567, 봉천로41길 35 중앙공원01,1,37.48438675,126.94847490000001,11620
16568, 봉천로41길 35 중앙공원02,1,37.48430156,126.94818659999999,11620
16975, 장군봉2길 1,5,37.48226928,126.94018390000002,11620
16976, 남부순환로206길 32,1,37.48108245,126.941804,11620
16977, 청룡9길 12,1,37.4787465,126.9464696,11620
16978, 청룡15길 23,1,37.47660905,126.94691090000002,11620
16979, 남부순환로210길 29,5,37.48048661,126.944654,11620
16980, 청룡8길 5,4,37.47987243,126.94598700000002,11620
16981," 청림길 7-1, 서희스타힐스 부근",4,37.48833424,126.95908349999999,11620
16982, 양녕로6길 118,4,37.4869323,126.95841750000001,11620
16983, 청림3라길 20,3,37.49019989,126.95980530000001,11620
16984, 행운1라길 56,1,37.48185647,126.95796979999999,11620
16985, 행운5길 24,1,37.48192982,126.95902579999999,11620
16986, 행운길 38,1,37.48070962,126.95947920000002,11620
16987, 솔밭로5길 11,4,37.47982758,126.96306809999999,11620
16988, 남부순환로247다길 55,1,37.47844302,126.9645338,11620
16989, 남부순환로247길 13,4,37.4767182,126.9664007,11620
16990, 행운1나길 16,1,37.48204993,126.95539840000002,11620
16991, 보라매로6길 46,1,37.49270307,126.929432,11620
16992, 국회단지19길 1,3,37.48977919,126.94214960000001,11620
16993, 청림6길 21,1,37.48635301,126.95892079999999,11620
16994, 난곡로26길 89,1,37.46932755,126.9243267,11620
16995, 난곡로26길 89,4,37.46611241,126.92118070000001,11620
16996, 양지12길 5,4,37.46893255,126.9289616,11620
16997, 봉천로21라길 10,1,37.48908686,126.93374140000002,11620
16998, 양녕로 16길 32,1,37.49084507,126.9455365,11620
16999, 구암5가길 32,1,37.49125069,126.946317,11620
17000, 남부순환로 1561-1,1,37.4837519,126.9242301,11620
17001, 신림로44길 24,1,37.4785555,126.93516409999998,11620
17002, 남부순환로240길 20,3,37.47711289,126.9605956,11620
17003, 관악로14가길 69,5,37.47552157,126.95506950000001,11620
17004, 봉천로522-8,5,37.47858449,126.95556090000002,11620
17006, 신림로71길 45,4,37.48798077,126.9257294,11620
17007, 관천로24길 3,1,37.48879234,126.92241920000001,11620
17008, 관천로11길 13,5,37.48433352,126.92422260000001,11620
17009, 남부순환로151길 13,3,37.48299627,126.9172314,11620
17010, 조원로31길 49,5,37.48817468,126.91910530000001,11620
17011, 남부순환로161길 64,5,37.48520867,126.91877099999999,11620
17012, 난곡로66가길 28,3,37.48378568,126.9147304,11620
17013, 남부순환로149길 13,3,37.48277114,126.9160023,11620
17014, 남부순환로166길 61,4,37.48043463,126.92393340000001,11620
17015, 문성로32길 18,1,37.47862396,126.92879920000001,11620
17016, 문성로38다길 2,3,37.47576071,126.9300956,11620
17017, 문성로38길 25,1,37.47640722,126.9289281,11620
17018, 국회단지13길 16,5,37.48941406,126.941028,11620
17019, 국회단지6길 6,3,37.4881223,126.9406328,11620
17020, 국회단지5길 16,1,37.48806084,126.9395179,11620
17021, 봉천로 355,2,37.48433922,126.93980559999999,11620
17022, 봉천로25길 13,1,37.48574948,126.93797690000001,11620
17023, 은천로 6,5,37.48634056,126.9360757,11620
17024, 인헌9길 74,1,37.47241048,126.97100359999999,11620
17025, 인헌길 71,3,37.47242289,126.9666387,11620
17026, 인헌1나길 17,1,37.47337155,126.969902,11620
17027, 인헌1길 59,1,37.47486453,126.97001170000001,11620
17028, 인헌16길 24,4,37.46988641,126.9666271,11620
17029, 낙성대역6길 14,5,37.47480181,126.96220590000001,11620
17030, 조원로6길 15,6,37.48269142,126.90471459999999,11620
17031, 조원로4길 33,4,37.48211292,126.9051494,11620
17032, 남부순환로145길 11,5,37.48207624,126.912218,11620
17033, 봉천로 471-1,1,37.48233475,126.95258229999999,11620
17034, 중앙길 83,1,37.48558297,126.95040549999999,11620
17035, 봉천로41길 10,5,37.48328685,126.94796709999999,11620
17066, 난곡로52길 16,4,37.47836946,126.91622679999999,11620
17067, 법원단지5나길 58,2,37.47639628,126.9218834,11620
17068," 미성3길 20, 신림동부센트레빌아파트 부근",5,37.47379633,126.91691409999999,11620
17069, 문성로16길 40,3,37.47486426,126.91319140000002,11620
17070, 미성7길 26,5,37.47427194,126.9136535,11620
17071, 봉천로13길 28,4,37.48987118,126.93068999999998,11620
17072, 보라매로3길 5,1,37.49129863,126.926533,11620
17073, 보라매로 14-5,4,37.49088397,126.9281331,11620
17074, 당곡6길 77,1,37.49311262,126.9313831,11620
17075, 당곡6길 41,4,37.49210332,126.9295392,11620
17076, 봉천로7길 25,2,37.49063061,126.9263124,11620
17077, 호암로18나길 27,5,37.46429343,126.93285619999999,11620
17078, 호암로16길 70,1,37.46556777,126.9331702,11620
17079," 호암로 528, 농협하나로마트 부근",4,37.46469588,126.9315369,11620
17080, 약수암길 8,4,37.46100702,126.9322949,11620
17081, 양지길 28,2,37.47144924,126.93125220000002,11620
17082, 쑥고개로2다길 17,5,37.47627005,126.9396876,11620
17083, 남부순환로192길 17,1,37.4769122,126.93552240000001,11620
17084, 신림로36길 25,5,37.47598183,126.9387483,11620
17085, 신림로38길 6,5,37.47657627,126.9377913,11620
17086, 복은12길 13,5,37.47462974,126.94185470000001,11620
17087, 서원길 4,3,37.47749693,126.93282409999999,11620
17088, 서원5길 36,1,37.47632048,126.9346501,11620
17089, 문성로40길 24,4,37.47743135,126.93120790000002,11620
17090, 신림로48길 6,3,37.479091,126.93242079999999,11620
17091, 구암길 76,3,37.49182,126.94692659999998,11620
17092, 관악로37길 63,1,37.48698336,126.95606070000001,11620
17093, 은천로35바길 17,1,37.48821956,126.95514479999999,11620
17094, 은천로35길 52,5,37.48837014,126.95388600000001,11620
17095," 성현로 53, 구암중학교 부근",4,37.49221813,126.9489399,11620
17253, 신림로28길 59,4,37.47207027,126.9367369,11620
17254, 복은길 60,5,37.47460297,126.9391541,11620
17255, 복은7길 1,4,37.47474846,126.9402412,11620
17256, 난곡로45길 5,4,37.47642475,126.9157101,11620
17257, 남부순환로144길 65,5,37.47856822,126.9141232,11620
17258, 문성로 206,5,37.47908211,126.9265092,11620
17259, 관악로14길 38-9,4,37.47841637,126.9543908,11620
17260, 남부순환로234길 72,5,37.47638763,126.95613370000001,11620
17261, 낙성대로 12,1,37.47726713,126.95913359999999,11620
17262, 청림6길 16,1,37.4742728,126.9604368,11620
17263, 법원단지21길 2,5,37.47492625,126.92280729999999,11620
17264, 법원단지길 138,3,37.47570943,126.9242106,11620
17265, 법원단지22길 34,1,37.47364015,126.92396979999998,11620
17266, 난곡로34다길 3,1,37.47207427,126.92244860000001,11620
17267, 난곡로26나길 33,1,37.46865733,126.9234215,11620
17268, 난곡로26나길 57,5,37.46752973,126.92282639999999,11620
17269, 난곡로35나길 10,1,37.47275349,126.9181587,11620
17270, 난향길 70,5,37.46283034,126.91558490000001,11620
17271, 난향2길 5,5,37.46316475,126.9185246,11620
17272, 난곡로9길 38,1,37.46374444,126.9178135,11620
17273, 남현12길 37,5,37.47219054,126.9720775,11620
17274, 남부순환로260길 41,4,37.47450691,126.97237340000002,11620
17275, 남현12길 18,5,37.4716712,126.9729274,11620
17276, 남현길 106,4,37.47253163,126.974772,11620
17277, 남현6길 45,1,37.47310877,126.97398030000001,11620
17278, 호암로22길 11,5,37.46902206,126.933227,11620
17279, 대학6길 25,5,37.46905946,126.93642279999999,11620
17280, 신림로 67,3,37.46995749,126.9414749,11620
17281, 신림로3가길 46,4,37.46889528,126.9420767,11620
17282, 대학10길 3-3,1,37.46753497,126.9376382,11620
17284, 밤골길 6,5,37.46202243,126.93178059999998,11620
17285, 광신길 154,3,37.46485744,126.9267517,11620
17286, 난곡로 186,3,37.47198482,126.91998240000001,11620
17287, 난곡로25가길 18,3,37.4700542,126.91847790000001,11620
17288, 법원단지2길 9,4,37.4737186,126.9195813,11620
17289, 난우길 34-4,4,37.47587344,126.9181953,11620
17290, 광신길 177,1,37.46698133,126.92673059999998,11620
17291, 당곡2가길 21,3,37.49157053,126.93014869999999,11620
17292, 양녕로6나길 30,4,37.48552653,126.94969990000001,11620
17293, 청림3길 37,4,37.48979825,126.9585229,11620
17294, 남부순환로151길 65,5,37.48441531,126.9146429,11620
17295, 양녕로6다길 3,4,37.4838374,126.94979609999999,11620
17296, 청림3다길 15,4,37.49019114,126.9578807,11620
17297, 관악로 125,4,37.47558679,126.9518496,11620
17298, 낙성대동 산58-1,4,37.47489669,126.95899809999999,11620
17299, 남부순환로260길 15,4,37.47496388,126.97347859999998,11620
17300, 관천로11길 69,5,37.48361585,126.9205629,11620
17301, 조원로2길 32,5,37.48229224,126.9020237,11620
17302, 남부순환로 1455,4,37.48146603,126.9124003,11620
17303, 난우10길 13,3,37.476123,126.9187626,11620
17304, 미성길 127,3,37.47188111,126.91207849999999,11620
17305, 남부순환로170길 6,4,37.48268497,126.9245925,11620
17306, 난곡로 178,4,37.47087898,126.9199365,11620
17307, 신림동 700-57,4,37.47000023,126.92000520000002,11620
17308, 동광로49-31,5,37.47062478,126.9190903,11620
17309, 문성로 212,4,37.47923089,126.9270186,11620
17310, 문성로28길 9,4,37.4786946,126.92728980000001,11620
17311, 대학7길 43,5,37.46853617,126.9400508,11620
17312, 봉천로41길 28,5,37.48407466,126.94808379999999,11620
17313, 신림동 300-8,3,37.46627057,126.9307058,11620
17387, 은천로24길 26,5,37.48571725,126.947981,11620
17388, 호암로 498,1,37.46334496,126.9317162,11620
17389, 당곡2가길 11,3,37.49118772,126.92982260000001,11620
17390," 청림5길 22, 은비유치원 부근",4,37.48923401,126.9597499,11620
17391," 남부순환로 1761, 남서울유치원 부근",5,37.48260267,126.9464869,11620
17392, 행운1라길 8,1,37.48325145,126.9563985,11620
17393," 은천로25길 69, 새소슬유치원 부근",4,37.48909092,126.94862340000002,11620
17394," 구암길 65, 소슬유치원 부근",3,37.49059124,126.94796770000002,11620
17395, 청림5길 87,1,37.49195831,126.95951380000001,11620
17396, 광신길 111,1,37.46383063,126.92572320000001,11620
17397," 호암로 545, 미림어린이집 부근",4,37.46627172,126.9312805,11620
17398, 양녕로2가길 41,5,37.48592529,126.9475354,11620
17399, 난곡로35길 102,1,37.46934289,126.918127,11620
17400, 관악로 461,4,37.47780671,126.95119809999998,11620
17401, 낙성대역길 105,5,37.47404896,126.9645824,11620
17402, 남부순환로 256길 46,4,37.47385487,126.9732169,11620
17403, 남현2길 65-7,3,37.4750282,126.9741416,11620
17404, 봉천로 505,4,37.4805268,126.95587179999998,11620
17405, 행운1라길 29,3,37.48258943,126.9573305,11620
17406, 국회단지길 6-7,3,37.48644079,126.9398051,11620
17407, 청룡2길 35-8,4,37.48123833,126.94409540000001,11620
17408, 참숯5길 21,5,37.48090683,126.9405995,11620
17409, 문성로38라길 14,4,37.47549427,126.9292398,11620
17410, 대학7길 35,4,37.46846593,126.93963400000001,11620
17411, 낙성대로4길 30,5,37.47646174,126.95778529999998,11620
17456, 신림로70길 20,1,37.48773425,126.9301319,11620
17457," 청룡4길 49, 관악초교 부근",5,37.48008749,126.9438852,11620
17458, 남부순환로246길 25,5,37.47520347,126.96414709999999,11620
17459," 중앙길 105, 신봉초교 부근",4,37.48611457,126.94958929999999,11620
17460," 난곡로35길 68, 삼성아트빌아파트 부근",3,37.47029117,126.91745279999999,11620
17461, 남현2길 92,4,37.47427414,126.9727435,11620
17462, 난향동 1736-10(신림2차대우푸르지오108동앞),3,37.46214932,126.91906909999999,11620
17463," 난곡로 42, GS슈퍼마켓 부근",3,37.46038014,126.92074840000002,11620
17464," 은천로 69, 은천초교 부근",3,37.48646711,126.94336240000001,11620
17465, 서림길 40,3,37.47447203,126.93821820000001,11620
17466, 남현6길 13,1,37.47427683,126.97537630000001,11620
17467, 양녕로2가길 25,5,37.48465802,126.94732509999999,11620
17468, 신림로28길 81,4,37.47187468,126.9379657,11620
17469, 신림로18길 17,1,37.47172852,126.9363487,11620
17470, 난향3길 26,1,37.46178249,126.916206,11620
17471, 남현4길 27,5,37.47501374,126.9751543,11620
17472, 남부순환로144길 65,1,37.47847037,126.91323229999999,11620
17473, 난우길 40,5,37.47698843,126.91698159999999,11620
17474, 난우12길 22,1,37.4770987,126.91833340000001,11620
17475, 미성길 127,1,37.47245372,126.9121656,11620
17476, 당곡길 36,1,37.49073231,126.92890829999999,11620
17477, 보라매로 38,2,37.49269505,126.926966,11620
17478, 봉천로 275,4,37.48799776,126.9318332,11620
17479, 관악로 285,4,37.48994163,126.95354309999999,11620
17480," 양녕로 74, 구암초교 부근",4,37.48858059,126.9463223,11620
17481, 문성로30길 29,1,37.47805312,126.9282479,11620
17482, 청림3길 29,1,37.48946777,126.9585922,11620
17483, 솔밭로 21,3,37.47943617,126.9635368,11620
17484, 봉천로 497,1,37.48125077,126.9553048,11620
17485, 행운1길71,1,37.4817577,126.95640209999999,11620
19487, 남현4길 10(신앙촌상회앞),1,37.47525139,126.97644790000001,11620
19488, 남부순환로156길 39(문성터널위),1,37.47865536,126.92024109999998,11620
19489, 문성로 119(문성터널차량),1,37.47843186,126.9186446,11620
19490, 남부순환로152길 53(호림박물관옆등산로길),1,37.48006474,126.91887790000001,11620
19491, 원신9길 10(등산로길),1,37.46122913,126.9294463,11620
19492, 신원동 산 159-33,1,37.47625089,126.92543119999999,11620
19493, 보라매동 산 104-1,1,37.48947201,126.9390212,11620
19495, 청룡동 산 149-8,1,37.4807547,126.93565990000002,11620
19496, 호암로 399,1,37.46121817,126.924875,11620
19497, 호암로 399,1,37.46136106,126.924922,11620
19498, 신사동 498(공원내1),1,37.48833012,126.91488079999999,11620
19499, 신사동 498(공원내2),2,37.48623469,126.91135870000001,11620
19500, 삼성동 산 57-14(삼성산성지),3,37.45685298,126.9295683,11620
19501, 청룡동 산175-40(청룡산공원입구),3,37.47649685,126.95094350000001,11620
19502, 난곡동 655-104 (오성어린이공원),1,37.46788994,126.9207614,11620
19503, 신사동 501-30 (새빛어린이공원),1,37.48624049,126.91527190000001,11620
19504, 서림동 98-402 (서광어린이공원),1,37.47524952,126.9427937,11620
19505, 삼성동 316-95 (약수암어린이공원),1,37.45928016,126.9329815,11620
19506, 대학동 1716-1 (목화어린이공원),1,37.46791457,126.942415,11620
19507, 남부순환로 2076 (남현예술공원),1,37.47641345,126.98013300000001,11620
19508, 남부순환로 2076 (남현예술공원),1,37.47627275,126.9807871,11620
19509, 대학동 205-1 (관악산모험숲),1,37.46230362,126.94778810000001,11620
19510, 대학동 205-1 (관악산모험숲),1,37.46273998,126.94803459999999,11620
19511, 대학동 205-1 (관악산모험숲),1,37.4626973,126.948546,11620
19512, 대학동 205-1 (관악산모험숲),1,37.46221454,126.94851940000001,11620
19514, 승방1길 109-79(관음사 주변),1,37.46800499,126.9769017,11620
19515, 관악산나들길 114(무장애등산로2),1,37.45652999,126.94714590000001,11620
19516, 관악산나들길 114(무장애등산로3),1,37.45471388,126.94814299999999,11620
19517, 국사봉길 175(상도근린공원),1,37.49249498,126.9349524,11620
19518, 구암길 106(상도근린공원유아숲체험장),1,37.49365953,126.94833759999999,11620
19519, 성현로 91(상도근린공원2),1,37.49134873,126.9520835,11620
19520, 남부순환로194길 81-12(장군봉근린공원배드민턴장1),1,37.48135937,126.9346588,11620
19521, 국회단지길 130(상도근린공원국사봉체육관),1,37.49195145,126.9414535,11620
19522, 인헌길 161-21(인헌자락공원),1,37.46813193,126.9701989,11620
19523, 인헌길 169-6(군인APT둘레길),1,37.46815615,126.96935359999999,11620
19524, 성현로 117(까치산근린공원),1,37.48512642,126.9622429,11620
19525, 장군봉길 92-40(장군봉근린공원북쪽등산로입구),1,37.48147121,126.9366716,11620
19526, 장군봉5길 28(충효어린이공원),1,37.48116875,126.94134380000001,11620
19527, 장군봉길 93(장군봉근린공원입구),1,37.47893843,126.93902369999999,11620
19528, 남부순환로216길 19(송학어린이공원2),1,37.48018588,126.9492618,11620
19529, 남부순환로247길 26(까치산근린공원미술고뒤),1,37.47693819,126.96769340000002,11620
19530, 남부순환로251길 16-12(생태육교북쪽),1,37.47567532,126.97073219999999,11620
19531, 행운길 38(까치산근린공원),1,37.48331417,126.9603182,11620
19532, 솔밭로 28(까치산근린공원4),1,37.48025556,126.9649666,11620
19533, 난향7길 60(안전한산책로1),1,37.45886082,126.917401,11620
19534, 난곡로 55(안전한산책로4),1,37.45822172,126.92146580000001,11620
19535, 난곡로 55(안전한산책로5),1,37.45926819,126.92226090000001,11620
19536, 문성로16다길 133-69(선우공원4),1,37.46764592,126.91349699999999,11620
19537, 인헌16다길 14(관악산공원),1,37.46831315,126.9638012,11620
19538," 장군봉길 72(장군봉근린공원, 봉임중학교후문)",1,37.48161001,126.9381183,11620
19539," 낙성대로 77(낙성대공원, 반려견놀이터)",1,37.47081228,126.95923429999999,11620
19540, 관악산나들길 4(화장실입구),1,37.46802993,126.945548,11620
19541, 관악산나들길 4(지하음식점입구),1,37.46832312,126.9454603,11620
19542, 장군봉길 92-40(장군봉근린공원),1,37.47959612,126.9375368,11620
25448, 청룡12길 17-4 청룡공원,1,37.47777622,126.94477409999999,11620
25449, 법원단지길 158-11 보명공원,1,37.47575066,126.9257524,11620
25450, 법원단지길 158-11 보명공원,1,37.47545839,126.9256939,11620
25451, 국회단지19길 23 국지어린이공원,1,37.48995297,126.9405815,11620
25452, 국회단지19길 23 국지어린이공원,1,37.49009773,126.94044679999999,11620
25453, 남부순환로246라길 3 원당어린이공원,1,37.47464617,126.9637102,11620
25454, 남부순환로246라길 3 원당어린이공원,1,37.47482758,126.96342340000001,11620
25455, 남현길 41 예촌어린이공원,1,37.47474442,126.9768983,11620
25456, 남현길 41 예촌어린이공원,1,37.47446087,126.9765527,11620
25457, 남현길 41 예촌어린이공원,1,37.46921408,126.9646514,11620
25458, 관천로22길 63 새들어린이공원,1,37.48860748,126.925629,11620
25459, 관천로22길 63 새들어린이공원,1,37.48864772,126.9259222,11620
25460, 낙성대역14가길 3 교체어린이공원,1,37.47348909,126.96413429999998,11620
25461, 낙성대역8길 50-8 탑골공원,1,37.47447325,126.96117279999999,11620
25462, 남부순환로163가길 20 남부어린이공원,1,37.48483226,126.9207072,11620
25463, 남부순환로163가길 20 남부어린이공원,1,37.48507241,126.9204881,11620
25464, 난곡로26길 69 무궁화공원,1,37.4696018,126.9236499,11620
25465, 관악로15길 21 송학어린이공원,1,37.48046347,126.9491287,11620
25466, 장군봉 7길 15-4 비안어린이공원,1,37.48063484,126.94017120000001,11620
25467, 서원3길 10 서원어린이공원,1,37.47661508,126.93329969999999,11620
25480, 쑥고개로2라길 (쑥고개어린이공원),1,37.47589054,126.94068590000002,11620
25481, 쑥고개로2라길 (쑥고개어린이공원),1,37.47599585,126.94103759999999,11620
25482, 관악로6길 50 백설어린이공원,1,37.47587787,126.95358529999999,11620
25483, 관악로6길 50 백설어린이공원,1,37.47614016,126.95374960000001,11620
25484, 신림로31가길 신화어린이공원,1,37.47697373,126.9355708,11620
25485, 남부순환로200다길 23 봉림어린이공원,1,37.48272379,126.93563,11620
25486, 낙성대역8길 28 약수어린이공원,1,37.47404095,126.96218459999999,11620
25487, 서림3길 47 해태어린이공원,1,37.47250207,126.94046540000001,11620
25488, 서림3길 47 해태어린이공원,1,37.47268706,126.940696,11620
25489, 광신길 154 합실어린이공원,1,37.46508382,126.92686570000001,11620
25490, 광신길 154 합실어린이공원,1,37.4650273,126.9272175,11620
25491, 난우10가길 14-7 미성동공원,1,37.47624854,126.91948390000002,11620
25492, 난우10가길 14-7 미성동공원,1,37.47641056,126.91992379999999,11620
25493, 신림로70길 74 색동공원,1,37.48645833,126.9329445,11620
25494, 승방3나길14 와 승방3가길 10 상록공원,1,37.4729871,126.98021969999999,11620
25495, 승방3나길14 와 승방3가길 10 상록공원,1,37.47286864,126.9803893,11620
25496, 양녕로6다길 11-4 새싹공원,1,37.48438305,126.9497668,11620
25497, 양녕로6다길 11-4 새싹공원,1,37.48457844,126.94953899999999,11620
25498, 인헌3가길 8 밤골공원,1,37.47395933,126.9673659,11620
28660, 남현길 41 예촌어린이공원,1,37.4746172,126.9766191,11620
30206, 대학동 산24-9 동네뒷산공원,1,37.46797618,126.93996229999999,11620
30207, 대학동 산24-9 동네뒷산공원,1,37.46786242,126.940353,11620
30208, 문성로 120-5 문성어린이공원1,1,37.47775617,126.9168432,11620
30209, 난우12길 35-2 문성어린이공원2,1,37.47768841,126.91881969999999,11620
30210, 난우10가길 42 문성어린이공원3,1,37.47772853,126.9197603,11620
30211, 조원동 1661-15 문성어린이소공원,1,37.48190677,126.9028852,11620
30212, 행운동 148-103 장미어린이공원,1,37.47922047,126.96238829999999,11620
30213, 은천동 942-29 선봉어린이공원,1,37.48509822,126.93954609999999,11620
30214, 삼성동 321-5 해바라기어린이공원,1,37.46195671,126.93033190000001,11620
30215, 미성동 1482-1 난우어린이공원,1,37.48019649,126.9141403,11620
30216, 미성동 1563-56 난곡어린이공원,1,37.47403416,126.91525039999999,11620
30217, 낙성대동 산56-3 낙성대지구,1,37.47573517,126.95610309999999,11620
30218, 대학동 산32-23 관악산공원 (야외식물원 주변 둘레길 입구),1,37.46353082,126.948072,11620
30219, 난향동 산105-12 난곡공원,1,37.46575088,126.9172992,11620
30220, 삼성동 산68-2 생태체험길 입구,1,37.46319264,126.93374840000001,11620
30221, 관악로14가길 12(모래내공원1),1,37.47782433,126.95535749999999,11620
30222, 관악로14가길 12(모래내공원2),1,37.47766896,126.95581750000001,11620
30223, 미성동 산 197-3 문성어린이공원4,1,37.47774206,126.91765600000001,11620
30224, 난향동 산 102-12 안전한산책로2,1,37.45766012,126.9185619,11620
30225, 난향동 산 102-12 안전한산책로3,1,37.45750048,126.92043259999998,11620
30226, 낙성대동 291-8 낙성대야외놀이마당,1,37.47393166,126.95997709999999,11620
30227, 낙성대동 287 낙성대야외놀이마당,1,37.47322103,126.9597055,11620
30228, 봉천로23바길 13-25,1,37.4888039,126.93760479999999,11620
30229, 호암로20길 35,1,37.46749117,126.9342243,11620
30230, 호암로20길 84,1,37.4664775,126.93530359999998,11620
30231, 쑥고개로26길 24,1,37.46644889,126.92185729999999,11620
30232, 난곡로661-62,1,37.46520229,126.92081909999999,11620
30233, 남부순환로260길 132 (관악산등산로 입구),1,37.47103675,126.9724201,11620
30234, 남부순환로 55-13(생태육교남쪽),1,37.47521586,126.9708827,11620
33350, 난향길 77 미도공원,1,37.46302346,126.9151922,11620
33351, 난향길 77 미도공원,1,37.46269776,126.9153715,11620
33352, 남부순환로 168길 22 호박골공원,1,37.48189041,126.9240662,11620
33353, 호암로22길 45 태양공원,1,37.46844625,126.93655859999998,11620
33354, 낙성대로 77 낙성대공원 관리사무소,16,37.47201433,126.9596751,11620
33355," 연주대,삼성동 산불감시",1,37.44241172,126.9653313,11620
33356," 모자봉,대학동 산불감시",1,37.45241416,126.94666310000001,11620
33357," 삼성산,삼성동 산불감시",1,37.45032292,126.93423770000001,11620
33358," 서울대,대학동 산불감시",1,37.46242012,126.95609420000001,11620
33359, 쑥고개로3길 7 장군봉소공원,1,37.47815974,126.93896609999999,11620
33360, 성현동 1712-6 상도근린공원1,1,37.49119516,126.95359979999999,11620
33361, 봉천로19길 31 당곡어린이공원,1,37.48869889,126.9335906,11620
33362, 대학동 255-258 고시자연공원,1,37.46414404,126.93530630000001,11620
33363, 문성로16길 26 대협어린이공원,1,37.47479894,126.91337079999998,11620
33364, 청룡동 1555-16 영락어린이공원,1,37.47678062,126.9438504,11620
33365, 낙성대역3길 28-11 인헌어린이공원,1,37.4754572,126.9625381,11620
33366, 난곡동 산87-14 관악산둘레길광신고후문,1,37.46575933,126.9238244,11620
33367, 미성동 산117-13 선우공원03,1,37.46968859,126.9125745,11620
33368, 신림로3가길 2 나들목공원,1,37.4694056,126.9447193,11620
33369, 신림로3가길 2 나들목공원,1,37.46896435,126.9442291,11620
