,road,latitude_road,longitude_road,murder,robber,rape,theft,violence,crime_counts,camera,latitude_camera,longitude_camera,total_p,total_m,total_f,interval,lamp
0,과천대로,37.4673415,126.9851173,0.0,0.0,0.0,0.0,0.0,0.0,0.0,0.0,0.0,,,,사당역~남태령,75.0
1,난곡로52길,37.4783133,126.9157578,0.0,0.0,0.0,0.0,0.0,0.0,4.0,37.47836946,126.91622679999999,,,,,
2,남부순환로176길,37.4835435,126.9284008,0.0,0.0,0.0,0.0,0.0,0.0,0.0,0.0,0.0,,,,,
3,신림로3길,37.4686883,126.9447106,0.0,0.0,2.0,3.0,4.0,9.0,0.0,0.0,0.0,,,,,
4,인헌7길,37.4733411,126.9674221,0.0,0.0,0.0,0.0,0.0,0.0,0.0,0.0,0.0,,,,,
5,승방6길,37.4743906,126.9802072,0.0,0.0,0.0,0.0,0.0,0.0,0.0,0.0,0.0,,,,,
6,행운10길,37.4820135,126.9617643,0.0,0.0,0.0,3.0,3.0,6.0,0.0,0.0,0.0,,,,행운동 관악산푸르지오아파트 앞,11.0
7,은천로11길,37.4865774,126.9419399,0.0,0.0,0.0,0.0,0.0,0.0,0.0,0.0,0.0,,,,,
8,참벗길,37.4784307,126.9439719,0.0,0.0,0.0,0.0,0.0,0.0,0.0,0.0,0.0,,,,,
9,소담길,37.47748720000001,126.9431336,0.0,0.0,0.0,0.0,0.0,0.0,0.0,0.0,0.0,34.0,34.0,34.0,,
10,쑥고개로1가길,37.4778843,126.9378739,0.0,0.0,0.0,0.0,0.0,0.0,0.0,0.0,0.0,,,,,
11,쑥고개로24길,37.4786823,126.9490988,0.0,0.0,0.0,0.0,0.0,0.0,0.0,0.0,0.0,,,,,
12,시흥대로166길,37.481968,126.9027601,0.0,0.0,0.0,0.0,0.0,0.0,0.0,0.0,0.0,,,,,
13,난곡로24마길,37.4683042,126.9222631,0.0,0.0,0.0,0.0,0.0,0.0,0.0,0.0,0.0,,,,,
14,용담길,37.477327,126.94349640000002,0.0,0.0,0.0,0.0,0.0,0.0,0.0,0.0,0.0,,,,,
15,쑥고개로2라길,37.4759056,126.9407179,0.0,0.0,0.0,0.0,0.0,0.0,2.0,37.47589054,126.94068590000002,,,,,
16,서원6길,37.4770717,126.931915,0.0,0.0,0.0,0.0,0.0,0.0,0.0,0.0,0.0,,,,,
17,인헌14길,37.47049970000001,126.9667266,0.0,0.0,0.0,0.0,0.0,0.0,0.0,0.0,0.0,,,,,
18,봉천로13가길,37.48921370000001,126.9310628,0.0,0.0,0.0,0.0,0.0,0.0,0.0,0.0,0.0,,,,,
19,청룡7길,37.4797087,126.9477912,0.0,0.0,0.0,3.0,3.0,6.0,0.0,0.0,0.0,,,,,
20,난우2길,37.4735359,126.9197839,0.0,0.0,1.0,1.0,0.0,2.0,0.0,0.0,0.0,,,,,
21,신사로14길,37.487006,126.916516,0.0,0.0,0.0,0.0,0.0,0.0,0.0,0.0,0.0,,,,,
22,행운1라길,37.4821217,126.9575083,0.0,0.0,0.0,0.0,0.0,0.0,5.0,37.48185647,126.95796979999999,,,,,
23,쑥고개로1길,37.4778669,126.938485,0.0,0.0,0.0,0.0,0.0,0.0,0.0,0.0,0.0,,,,,
24,서림5길,37.473276,126.9397674,0.0,0.0,0.0,0.0,0.0,0.0,0.0,0.0,0.0,,,,,
25,쑥고개로28길,37.4784483,126.9501457,0.0,0.0,0.0,0.0,0.0,0.0,0.0,0.0,0.0,,,,,
26,남부순환로125길,37.4809825,126.9060809,0.0,0.0,0.0,0.0,0.0,0.0,0.0,0.0,0.0,,,,,
27,난향6길,37.463605,126.9168324,0.0,0.0,0.0,0.0,0.0,0.0,0.0,0.0,0.0,,,,,
28,남부순환로167길,37.484572,126.9237249,0.0,0.0,0.0,0.0,0.0,0.0,0.0,0.0,0.0,,,,,
29,쑥고개로13길,37.4803185,126.944037,0.0,0.0,0.0,0.0,0.0,0.0,0.0,0.0,0.0,,,,,
30,남부순환로260가길,37.4737073,126.9726894,0.0,0.0,0.0,0.0,0.0,0.0,0.0,0.0,0.0,,,,,
31,봉천로49가길,37.4826763,126.9506115,0.0,0.0,0.0,0.0,0.0,0.0,0.0,0.0,0.0,,,,,
32,시흥대로162길,37.4811238,126.90223020000002,0.0,0.0,0.0,0.0,0.0,0.0,0.0,0.0,0.0,,,,,
33,참숯5길,37.4771015,126.9405874,0.0,0.0,0.0,0.0,0.0,0.0,5.0,37.48090683,126.9405995,,,,,
34,문성로40길,37.4774995,126.9312324,0.0,0.0,0.0,0.0,0.0,0.0,4.0,37.47743135,126.93120790000002,,,,,
35,문성로38나길,37.47621470000001,126.9289645,0.0,0.0,0.0,0.0,0.0,0.0,0.0,0.0,0.0,,,,,
36,호암로18나길,37.4643099,126.9330795,0.0,0.0,0.0,0.0,0.0,0.0,5.0,37.46429343,126.93285619999999,,,,,
37,관악로17길,37.4808679,126.9504007,0.0,0.0,0.0,0.0,0.0,0.0,0.0,0.0,0.0,,,,,
38,성현로,37.4916112,126.9501285,0.0,0.0,1.0,4.0,3.0,8.0,6.0,37.49221813,126.9489399,,,,봉현초교~양녕로,106.0
39,은천로8길,37.4854866,126.9400435,0.0,0.0,0.0,0.0,0.0,0.0,0.0,0.0,0.0,,,,,
40,남부순환로152가길,37.4818037,126.9170772,0.0,0.0,0.0,0.0,0.0,0.0,0.0,0.0,0.0,,,,,
41,신림로38길,37.4765031,126.9382508,0.0,0.0,0.0,0.0,0.0,0.0,5.0,37.47657627,126.9377913,23.0,23.0,22.0,,
42,법원단지25길,37.475822,126.9230932,0.0,0.0,0.0,0.0,0.0,0.0,0.0,0.0,0.0,,,,,
43,남부순환로246나길,37.4749524,126.9650132,0.0,0.0,0.0,0.0,0.0,0.0,0.0,0.0,0.0,,,,,
44,신림로44길,37.47825,126.9353074,0.0,0.0,0.0,0.0,0.0,0.0,1.0,37.4785555,126.93516409999998,,,,,
45,법원단지16길,37.4736006,126.9221825,0.0,0.0,0.0,0.0,0.0,0.0,0.0,0.0,0.0,,,,,
46,서림11길,37.4721788,126.9410708,0.0,0.0,0.0,0.0,0.0,0.0,0.0,0.0,0.0,,,,,
47,광신5길,37.46741420000001,126.9299154,0.0,0.0,0.0,0.0,0.0,0.0,0.0,0.0,0.0,,,,,
48,난곡로78길,37.4866695,126.9139194,0.0,0.0,1.0,1.0,0.0,2.0,0.0,0.0,0.0,,,,,
49,장군봉8길,37.4810079,126.9387697,0.0,0.0,1.0,3.0,4.0,8.0,0.0,0.0,0.0,,,,,
50,법원단지21길,37.4754235,126.9223862,0.0,0.0,0.0,0.0,0.0,0.0,5.0,37.47492625,126.92280729999999,,,,,
51,성림길,37.4658621,126.93089109999998,0.0,0.0,0.0,0.0,0.0,0.0,0.0,0.0,0.0,,,,,
52,성림1길,37.4650418,126.9309283,0.0,0.0,0.0,0.0,0.0,0.0,0.0,0.0,0.0,,,,,
53,봉천로33나길,37.4854792,126.9432784,0.0,0.0,0.0,0.0,0.0,0.0,0.0,0.0,0.0,,,,,
54,낙성대역길,37.4756745,126.9611045,0.0,0.0,0.0,3.0,3.0,6.0,5.0,37.47404896,126.9645824,32.0,31.0,34.0,,
55,난향2길,37.4633365,126.917983,0.0,0.0,0.0,0.0,0.0,0.0,5.0,37.46316475,126.9185246,,,,,
56,남부순환로164길,37.482005,126.9231642,0.0,0.0,0.0,0.0,0.0,0.0,0.0,0.0,0.0,,,,,
57,청룡1길,37.481137,126.9476437,0.0,0.0,1.0,3.0,1.0,5.0,0.0,0.0,0.0,,,,,
58,서림7길,37.4721238,126.9423263,0.0,0.0,0.0,0.0,0.0,0.0,0.0,0.0,0.0,24.0,28.0,20.0,,
59,법원단지10길,37.4745276,126.9231795,0.0,0.0,0.0,0.0,0.0,0.0,0.0,0.0,0.0,,,,,
60,법원단지29길,37.47621270000001,126.9238012,0.0,0.0,0.0,0.0,0.0,0.0,0.0,0.0,0.0,,,,,
61,은천로28길,37.4859268,126.9510893,0.0,0.0,0.0,0.0,0.0,0.0,0.0,0.0,0.0,,,,,
62,남부순환로184길,37.4834958,126.9320731,0.0,0.0,0.0,0.0,0.0,0.0,0.0,0.0,0.0,,,,,
63,관천로17길,37.4872876,126.9218841,0.0,0.0,0.0,0.0,0.0,0.0,0.0,0.0,0.0,,,,,
64,인헌12나길,37.4708469,126.9665461,0.0,0.0,0.0,0.0,0.0,0.0,0.0,0.0,0.0,,,,,
65,법원단지17길,37.475031,126.92167659999998,0.0,0.0,0.0,0.0,0.0,0.0,0.0,0.0,0.0,,,,,
66,성림3길,37.4655731,126.9305397,0.0,0.0,0.0,0.0,0.0,0.0,0.0,0.0,0.0,,,,,
67,문성로19길,37.4785348,126.9161204,0.0,0.0,0.0,0.0,0.0,0.0,0.0,0.0,0.0,,,,,
68,봉천로58길,37.47875850000001,126.9563092,0.0,0.0,0.0,0.0,0.0,0.0,0.0,0.0,0.0,,,,,
69,양지14길,37.4688836,126.9297602,0.0,0.0,0.0,0.0,0.0,0.0,0.0,0.0,0.0,,,,,
70,법원단지7길,37.4754031,126.9218163,0.0,0.0,0.0,0.0,0.0,0.0,0.0,0.0,0.0,,,,,
71,승방9길,37.4721161,126.9786463,0.0,0.0,0.0,0.0,0.0,0.0,0.0,0.0,0.0,,,,,
72,법원단지13길,37.4746358,126.9209729,0.0,0.0,0.0,0.0,0.0,0.0,0.0,0.0,0.0,,,,,
73,신림로54가길,37.4807156,126.9316339,0.0,0.0,0.0,0.0,0.0,0.0,0.0,0.0,0.0,,,,,
74,신림로73길,37.4890875,126.9275597,0.0,0.0,0.0,0.0,0.0,0.0,0.0,0.0,0.0,,,,,
75,밤골길,37.4629868,126.931174,0.0,0.0,0.0,0.0,0.0,0.0,0.0,0.0,0.0,,,,,
76,양지8길,37.470386,126.9299748,0.0,0.0,0.0,0.0,0.0,0.0,0.0,0.0,0.0,,,,,
77,난곡로40길,37.4753436,126.91746299999998,0.0,0.0,0.0,0.0,0.0,0.0,0.0,0.0,0.0,,,,,
78,난곡로53길,37.4786392,126.91419209999998,0.0,0.0,0.0,0.0,0.0,0.0,0.0,0.0,0.0,,,,,
79,남부순환로247가길,37.4769568,126.9657145,0.0,0.0,0.0,0.0,0.0,0.0,0.0,0.0,0.0,,,,,
80,신림로41길,37.4767942,126.9348311,0.0,0.0,0.0,0.0,0.0,0.0,0.0,0.0,0.0,,,,,
81,신림로54길,37.48039620000001,126.9312502,0.0,0.0,0.0,0.0,0.0,0.0,0.0,0.0,0.0,,,,,
82,국회단지14길,37.4890727,126.9427214,0.0,0.0,0.0,0.0,0.0,0.0,0.0,0.0,0.0,,,,,
83,봉천로21다길,37.4895779,126.9345209,0.0,0.0,0.0,0.0,0.0,0.0,0.0,0.0,0.0,,,,,
84,은천로6길,37.48578,126.9390561,0.0,0.0,0.0,0.0,0.0,0.0,0.0,0.0,0.0,,,,,
85,승방2길,37.4748441,126.9811258,0.0,0.0,0.0,0.0,0.0,0.0,0.0,0.0,0.0,,,,,
86,방천길,37.4733808,126.9326428,0.0,0.0,0.0,0.0,0.0,0.0,0.0,0.0,0.0,,,,,
87,신림로18길,37.4715644,126.9363059,0.0,0.0,0.0,0.0,0.0,0.0,1.0,37.47172852,126.9363487,,,,,
88,양지12길,37.4684917,126.9287645,0.0,0.0,0.0,0.0,0.0,0.0,4.0,37.46893255,126.9289616,,,,,
89,양지16길,37.4702472,126.9307995,0.0,0.0,0.0,0.0,0.0,0.0,0.0,0.0,0.0,,,,,
90,양지6길,37.4702166,126.9303997,0.0,0.0,0.0,0.0,0.0,0.0,0.0,0.0,0.0,,,,,
91,양지3길,37.4707511,126.9311485,0.0,0.0,0.0,0.0,0.0,0.0,0.0,0.0,0.0,,,,,
92,양지4길,37.4702859,126.93117759999998,0.0,0.0,0.0,0.0,0.0,0.0,0.0,0.0,0.0,,,,,
93,남부순환로241길,37.4792177,126.9628467,0.0,0.0,0.0,0.0,0.0,0.0,0.0,0.0,0.0,,,,,
94,태흥길,37.46652879999999,126.9304158,0.0,0.0,0.0,0.0,0.0,0.0,0.0,0.0,0.0,,,,,
95,남부순환로256가길,37.4754819,126.9726641,0.0,0.0,0.0,0.0,0.0,0.0,0.0,0.0,0.0,,,,,
96,승방7길,37.4725617,126.9797612,0.0,0.0,0.0,1.0,1.0,2.0,0.0,0.0,0.0,,,,,
97,장군봉13길,37.47978610000001,126.9398798,0.0,0.0,0.0,0.0,0.0,0.0,0.0,0.0,0.0,,,,,
98,난곡로63가길,37.48082210000001,126.91416370000002,0.0,0.0,0.0,0.0,0.0,0.0,0.0,0.0,0.0,,,,,
99,은천로35마길,37.4884642,126.9532998,0.0,0.0,0.0,0.0,0.0,0.0,0.0,0.0,0.0,,,,,
100,난곡로22길,37.4690569,126.920459,0.0,0.0,0.0,0.0,0.0,0.0,0.0,0.0,0.0,,,,,
101,은천로1길,37.4868664,126.9363827,0.0,0.0,0.0,0.0,0.0,0.0,0.0,0.0,0.0,,,,,
102,약수암1길,37.459972,126.9332162,0.0,0.0,0.0,0.0,0.0,0.0,0.0,0.0,0.0,,,,,
103,조원로20길,37.4837438,126.9131169,0.0,0.0,0.0,0.0,0.0,0.0,0.0,0.0,0.0,,,,,
104,광신1길,37.4685565,126.92914240000002,0.0,0.0,0.0,0.0,0.0,0.0,0.0,0.0,0.0,,,,,
105,봉천로62길,37.4777963,126.9588307,0.0,0.0,0.0,0.0,0.0,0.0,0.0,0.0,0.0,,,,,
106,호암로22가길,37.46829,126.93329579999998,0.0,0.0,0.0,0.0,0.0,0.0,0.0,0.0,0.0,,,,,
107,남현12길,37.4717989,126.97266,0.0,0.0,0.0,1.0,1.0,2.0,10.0,37.47219054,126.9720775,,,,,
108,법원단지36길,37.4757006,126.9253527,0.0,0.0,0.0,0.0,0.0,0.0,0.0,0.0,0.0,,,,,
109,봉천로6길,37.48820360000001,126.9258835,0.0,0.0,0.0,0.0,0.0,0.0,0.0,0.0,0.0,,,,,
110,인헌16가길,37.4691836,126.9681596,0.0,0.0,0.0,2.0,3.0,5.0,0.0,0.0,0.0,,,,,
111,서원2길,37.4778834,126.9321238,0.0,0.0,0.0,0.0,0.0,0.0,0.0,0.0,0.0,,,,,
112,난곡로44길,37.4760178,126.9169094,0.0,0.0,0.0,0.0,0.0,0.0,0.0,0.0,0.0,,,,,
113,법원단지14길,37.4730717,126.92213390000002,0.0,0.0,0.0,0.0,0.0,0.0,0.0,0.0,0.0,,,,,
114,난곡로35라길,37.4712608,126.9184099,0.0,0.0,0.0,0.0,0.0,0.0,0.0,0.0,0.0,,,,,
115,봉천로15길,37.4886223,126.9316856,0.0,0.0,0.0,0.0,0.0,0.0,0.0,0.0,0.0,,,,,
116,난곡로38길,37.4748856,126.917839,0.0,0.0,0.0,0.0,0.0,0.0,0.0,0.0,0.0,,,,,
117,국회단지19길,37.4899285,126.9414892,0.0,0.0,0.0,0.0,0.0,0.0,5.0,37.48977919,126.94214960000001,,,,,
118,남부순환로161가길,37.4848341,126.9167053,0.0,0.0,0.0,0.0,0.0,0.0,0.0,0.0,0.0,,,,,
119,광신3길,37.4674505,126.9296215,0.0,0.0,0.0,0.0,0.0,0.0,0.0,0.0,0.0,,,,,
120,보라매로3길,37.4914449,126.92586609999998,0.0,0.0,2.0,4.0,5.0,11.0,1.0,37.49129863,126.926533,,,,,
121,은천로35바길,37.48829310000001,126.954535,0.0,0.0,0.0,0.0,0.0,0.0,1.0,37.48821956,126.95514479999999,,,,,
122,국회단지11길,37.4889427,126.9403817,0.0,0.0,0.0,0.0,0.0,0.0,0.0,0.0,0.0,,,,,
123,쑥고개로22길,37.47767929999999,126.9482904,0.0,0.0,0.0,0.0,0.0,0.0,0.0,0.0,0.0,,,,,
124,낙성대역12길,37.4737854,126.963718,0.0,0.0,0.0,0.0,0.0,0.0,0.0,0.0,0.0,,,,,
125,신원로2길,37.4803395,126.92833629999998,0.0,0.0,0.0,0.0,0.0,0.0,0.0,0.0,0.0,,,,,
126,시흥대로158길,37.4803015,126.9012751,0.0,0.0,0.0,0.0,0.0,0.0,0.0,0.0,0.0,,,,,
127,신림동5길,37.4861049,126.9274631,0.0,0.0,0.0,0.0,0.0,0.0,0.0,0.0,0.0,,,,,
128,신림동9길,37.4863255,126.9247676,0.0,0.0,0.0,0.0,0.0,0.0,0.0,0.0,0.0,,,,,
129,서원3길,37.4769096,126.9337485,0.0,0.0,0.0,0.0,0.0,0.0,1.0,37.47661508,126.93329969999999,,,,,
130,서원5길,37.4765157,126.9336373,0.0,0.0,0.0,0.0,0.0,0.0,1.0,37.47632048,126.9346501,,,,,
131,난곡로58길,37.4797922,126.9154191,0.0,0.0,0.0,0.0,0.0,0.0,0.0,0.0,0.0,,,,,
132,서원4길,37.4774557,126.932017,0.0,0.0,0.0,0.0,0.0,0.0,0.0,0.0,0.0,,,,,
133,봉천로2길,37.4894263,126.9224074,0.0,0.0,0.0,0.0,0.0,0.0,0.0,0.0,0.0,,,,,
134,청룡16길,37.4769433,126.9432264,0.0,0.0,0.0,1.0,0.0,1.0,0.0,0.0,0.0,,,,,
135,봉천로53길,37.4819372,126.9545215,0.0,0.0,0.0,0.0,0.0,0.0,0.0,0.0,0.0,,,,,
136,남부순환로216길,37.4806028,126.9492787,0.0,0.0,0.0,0.0,0.0,0.0,1.0,37.48018588,126.9492618,,,,,
137,중앙1가길,37.4831203,126.9529582,0.0,0.0,0.0,0.0,0.0,0.0,0.0,0.0,0.0,,,,,
138,양녕로6라길,37.48396029999999,126.9507984,0.0,0.0,0.0,0.0,0.0,0.0,0.0,0.0,0.0,,,,,
139,양산3길,37.47408,126.9310861,0.0,0.0,0.0,0.0,0.0,0.0,0.0,0.0,0.0,,,,,
140,남부순환로186길,37.4838469,126.93324009999998,0.0,0.0,0.0,0.0,0.0,0.0,0.0,0.0,0.0,,,,,
141,신림동3길,37.4868299,126.9277741,0.0,0.0,1.0,2.0,1.0,4.0,0.0,0.0,0.0,,,,,
142,신원로3다길,37.4814894,126.9259251,0.0,0.0,0.0,0.0,0.0,0.0,0.0,0.0,0.0,,,,,
143,대학21길,37.465676,126.9384502,0.0,0.0,0.0,0.0,0.0,0.0,0.0,0.0,0.0,,,,,
144,조원로16길,37.4830835,126.9111306,0.0,0.0,1.0,2.0,2.0,5.0,0.0,0.0,0.0,,,,,
145,관악로11가길,37.4776889,126.9487919,0.0,0.0,0.0,0.0,0.0,0.0,0.0,0.0,0.0,,,,,
146,남부순환로237길,37.4801426,126.9610439,0.0,0.0,0.0,1.0,0.0,1.0,0.0,0.0,0.0,,,,,
147,법원단지12길,37.4733328,126.92133590000002,0.0,0.0,0.0,0.0,0.0,0.0,0.0,0.0,0.0,,,,,
148,신림로43길,37.47694420000001,126.9338047,0.0,0.0,0.0,0.0,0.0,0.0,0.0,0.0,0.0,,,,,
149,서림1길,37.4755155,126.9402865,0.0,0.0,0.0,0.0,0.0,0.0,0.0,0.0,0.0,,,,,
150,구암5길,37.4903469,126.9470523,0.0,0.0,0.0,0.0,0.0,0.0,0.0,0.0,0.0,,,,,
151,남부순환로251길,37.4758216,126.96905929999998,0.0,0.0,0.0,0.0,0.0,0.0,3.0,37.47646946,126.96963059999999,,,,,
152,난곡로35가길,37.4726482,126.9184554,0.0,0.0,0.0,0.0,0.0,0.0,0.0,0.0,0.0,,,,,
153,관악로13길,37.4793974,126.9509931,0.0,0.0,2.0,4.0,1.0,7.0,0.0,0.0,0.0,,,,,
154,문성로16가길,37.4757785,126.91439009999998,0.0,0.0,0.0,0.0,0.0,0.0,0.0,0.0,0.0,,,,,
155,대학20길,37.4651169,126.9376616,0.0,0.0,0.0,2.0,2.0,4.0,0.0,0.0,0.0,,,,,
156,남부순환로181길,37.4857016,126.9305457,0.0,0.0,1.0,1.0,0.0,2.0,0.0,0.0,0.0,,,,,
157,국회단지8길,37.4882675,126.9418928,0.0,0.0,0.0,0.0,0.0,0.0,0.0,0.0,0.0,,,,,
158,인헌12가길,37.4710505,126.9669496,0.0,0.0,0.0,0.0,0.0,0.0,0.0,0.0,0.0,,,,,
159,신림로12길,37.47136029999999,126.9386969,0.0,0.0,0.0,0.0,0.0,0.0,0.0,0.0,0.0,,,,,
160,국회단지18길,37.4896099,126.9430274,0.0,0.0,0.0,0.0,0.0,0.0,0.0,0.0,0.0,,,,,
161,호암로26길,37.4705804,126.935806,0.0,0.0,0.0,0.0,0.0,0.0,0.0,0.0,0.0,,,,,
162,관악로5길,37.4755796,126.9522372,0.0,0.0,1.0,4.0,4.0,9.0,0.0,0.0,0.0,,,,,
163,난곡로12길,37.4658899,126.92032720000002,0.0,0.0,0.0,0.0,0.0,0.0,0.0,0.0,0.0,,,,,
164,승방3나길,37.4725479,126.9800408,0.0,0.0,0.0,0.0,0.0,0.0,2.0,37.47298710000001,126.98021969999999,,,,,
165,은천로38길,37.4854025,126.95483020000002,0.0,0.0,0.0,0.0,0.0,0.0,0.0,0.0,0.0,,,,,
166,신림로21길,37.46843270000001,126.9348503,0.0,0.0,0.0,0.0,0.0,0.0,0.0,0.0,0.0,,,,,
167,관악로14길,37.4791486,126.9540513,0.0,0.0,0.0,0.0,0.0,0.0,4.0,37.47841637,126.9543908,42.0,41.0,44.0,,
168,국회단지6길,37.4879099,126.94188359999998,0.0,0.0,0.0,0.0,0.0,0.0,3.0,37.4881223,126.9406328,,,,,
169,양지7길,37.47040120000001,126.9304604,0.0,0.0,0.0,0.0,0.0,0.0,0.0,0.0,0.0,,,,,
170,복은7길,37.4752634,126.94128390000002,0.0,0.0,0.0,0.0,0.0,0.0,4.0,37.47474846,126.9402412,,,,,
171,대학16길,37.4656011,126.93723590000002,0.0,0.0,0.0,0.0,0.0,0.0,0.0,0.0,0.0,,,,,
172,중앙2길,37.4845454,126.9539091,0.0,0.0,0.0,0.0,0.0,0.0,0.0,0.0,0.0,,,,,
173,조원로11길,37.484033200000006,126.906606,0.0,0.0,0.0,2.0,2.0,4.0,0.0,0.0,0.0,,,,,
174,조원로2길,37.4817424,126.9015934,0.0,0.0,1.0,2.0,3.0,6.0,5.0,37.48229224,126.9020237,,,,,
175,남부순환로233길,37.4804773,126.958739,0.0,0.0,0.0,0.0,0.0,0.0,0.0,0.0,0.0,,,,,
176,남부순환로206길,37.4806472,126.942117,0.0,0.0,0.0,0.0,0.0,0.0,1.0,37.48108245,126.941804,,,,,
177,은천로25가길,37.4876278,126.9506579,0.0,0.0,0.0,0.0,0.0,0.0,0.0,0.0,0.0,,,,드림타운정문~드림타운남문,29.0
178,청룡13길,37.4771581,126.9462821,0.0,0.0,0.0,0.0,0.0,0.0,0.0,0.0,0.0,,,,,
179,남부순환로159길,37.4841996,126.9194476,0.0,0.0,0.0,0.0,0.0,0.0,0.0,0.0,0.0,,,,,
180,국회단지25길,37.49080410000001,126.9405207,0.0,0.0,0.0,0.0,0.0,0.0,0.0,0.0,0.0,,,,,
181,광신길,37.4670833,126.9307308,0.0,0.0,3.0,7.0,4.0,14.0,7.0,37.46485744,126.9267517,,,,신림10동,19.0
182,남부순환로185길,37.48542,126.9323324,0.0,0.0,0.0,0.0,0.0,0.0,0.0,0.0,0.0,,,,,
183,은천로10길,37.4852246,126.9410757,0.0,0.0,0.0,0.0,0.0,0.0,0.0,0.0,0.0,,,,,
184,양지11길,37.4690859,126.92870159999998,0.0,0.0,0.0,0.0,0.0,0.0,0.0,0.0,0.0,,,,,
185,남부순환로246가길,37.4754218,126.9649716,0.0,0.0,0.0,0.0,0.0,0.0,0.0,0.0,0.0,,,,,
186,관악로29길,37.487113,126.956723,0.0,0.0,0.0,0.0,0.0,0.0,0.0,0.0,0.0,,,,,
187,국회단지27길,37.4911657,126.9404512,0.0,0.0,0.0,0.0,0.0,0.0,0.0,0.0,0.0,,,,,
188,난곡로51길,37.4783016,126.9137952,0.0,0.0,0.0,0.0,0.0,0.0,0.0,0.0,0.0,,,,,
189,봉천로23가길,37.4876328,126.9354125,0.0,0.0,0.0,0.0,0.0,0.0,0.0,0.0,0.0,,,,,
190,남부순환로182길,37.4834596,126.9316245,0.0,0.0,0.0,0.0,0.0,0.0,0.0,0.0,0.0,,,,,
191,남현6길,37.4737541,126.9750825,0.0,0.0,0.0,0.0,0.0,0.0,2.0,37.47310877,126.97398030000001,,,,,
192,봉천로49다길,37.4830805,126.9515795,0.0,0.0,0.0,0.0,0.0,0.0,0.0,0.0,0.0,,,,,
193,승방3가길,37.4723368,126.9794808,0.0,0.0,0.0,0.0,0.0,0.0,0.0,0.0,0.0,,,,,
194,관악로15길,37.48035820000001,126.9507634,0.0,0.0,0.0,0.0,0.0,0.0,1.0,37.48046347,126.9491287,,,,,
195,솔밭로4길,37.4789796,126.963544,0.0,0.0,0.0,0.0,0.0,0.0,0.0,0.0,0.0,,,,,
196,쑥고개로30길,37.4780007,126.9503012,0.0,0.0,0.0,0.0,0.0,0.0,0.0,0.0,0.0,,,,,
197,호암로24길,37.4697004,126.9354905,0.0,0.0,0.0,0.0,0.0,0.0,0.0,0.0,0.0,47.0,55.0,39.0,,
198,신림로44다길,37.47844600000001,126.9360317,0.0,0.0,0.0,0.0,0.0,0.0,0.0,0.0,0.0,,,,,
199,남부순환로190가길,37.4825792,126.9339568,0.0,0.0,0.0,0.0,0.0,0.0,0.0,0.0,0.0,,,,,
200,승방4길,37.4745448,126.9806317,0.0,0.0,0.0,0.0,0.0,0.0,0.0,0.0,0.0,,,,,
201,난곡로34가길,37.4729782,126.9202709,0.0,0.0,0.0,0.0,0.0,0.0,0.0,0.0,0.0,,,,,
202,남부순환로152길,37.4816107,126.9187943,0.0,0.0,0.0,1.0,1.0,2.0,1.0,37.48006474,126.91887790000001,,,,,
203,인헌16다길,37.4686638,126.9661478,0.0,0.0,0.0,2.0,3.0,5.0,1.0,37.46831315,126.9638012,,,,,
204,봉천로18길,37.4870641,126.9317722,0.0,0.0,0.0,0.0,0.0,0.0,0.0,0.0,0.0,,,,,
205,남부순환로186가길,37.4835811,126.93304340000002,0.0,0.0,0.0,0.0,0.0,0.0,0.0,0.0,0.0,,,,,
206,신림로67길,37.486055,126.9284447,0.0,0.0,0.0,0.0,0.0,0.0,0.0,0.0,0.0,,,,,
207,봉천로8길,37.4884651,126.9271136,0.0,0.0,0.0,0.0,0.0,0.0,0.0,0.0,0.0,,,,,
208,은천로41길,37.4862277,126.95550190000002,0.0,0.0,0.0,0.0,0.0,0.0,0.0,0.0,0.0,,,,,
209,신림로53길,37.4796117,126.9299976,0.0,0.0,0.0,0.0,0.0,0.0,0.0,0.0,0.0,,,,,
210,참숯4길,37.477114,126.9411313,0.0,0.0,0.0,0.0,0.0,0.0,0.0,0.0,0.0,,,,,
211,남부순환로218길,37.4802248,126.95037859999998,0.0,0.0,0.0,0.0,0.0,0.0,0.0,0.0,0.0,,,,,
212,법원단지20길,37.4738604,126.9235064,0.0,0.0,0.0,0.0,0.0,0.0,0.0,0.0,0.0,,,,,
213,봉천로5길,37.490324,126.9243581,0.0,0.0,0.0,0.0,0.0,0.0,0.0,0.0,0.0,,,,,
214,남부순환로188길,37.4843856,126.9336872,0.0,0.0,0.0,0.0,0.0,0.0,0.0,0.0,0.0,,,,,
215,행운9길,37.4828947,126.9602878,0.0,0.0,0.0,0.0,0.0,0.0,0.0,0.0,0.0,,,,,
216,신림로44나길,37.4782211,126.9357539,0.0,0.0,0.0,0.0,0.0,0.0,0.0,0.0,0.0,,,,,
217,난곡로24라길,37.4686705,126.92199840000002,0.0,0.0,0.0,0.0,0.0,0.0,0.0,0.0,0.0,,,,,
218,문성로16다길,37.4717344,126.9116885,0.0,0.0,0.0,0.0,0.0,0.0,1.0,37.46764592,126.91349699999999,,,,,
219,신림로7길,37.46982970000001,126.9414927,0.0,0.0,0.0,2.0,2.0,4.0,0.0,0.0,0.0,,,,,
220,호암로22길,37.4682891,126.9360771,0.0,0.0,0.0,0.0,0.0,0.0,6.0,37.46902206,126.933227,,,,,
221,난향5길,37.4621625,126.9166123,0.0,0.0,0.0,0.0,0.0,0.0,0.0,0.0,0.0,,,,,
222,남부순환로262길,37.4756842,126.974354,0.0,0.0,0.0,0.0,0.0,0.0,0.0,0.0,0.0,,,,,
223,법원단지9길,37.4754384,126.9223968,0.0,0.0,0.0,0.0,0.0,0.0,0.0,0.0,0.0,28.0,26.0,29.0,,
224,문성로31길,37.4797036,126.9289706,0.0,0.0,0.0,0.0,0.0,0.0,0.0,0.0,0.0,,,,,
225,서원1길,37.477317600000006,126.9338646,0.0,0.0,0.0,0.0,0.0,0.0,0.0,0.0,0.0,,,,,
226,장군봉6길,37.4815182,126.9383883,0.0,0.0,0.0,0.0,0.0,0.0,0.0,0.0,0.0,,,,,
227,남부순환로256다길,37.4726283,126.9733369,0.0,0.0,0.0,0.0,0.0,0.0,0.0,0.0,0.0,,,,,
228,신림로64길,37.4851956,126.931931,0.0,0.0,2.0,5.0,3.0,10.0,0.0,0.0,0.0,38.0,38.0,38.0,,
229,낙성대역8길,37.4737075,126.9611837,0.0,0.0,0.0,0.0,0.0,0.0,2.0,37.47447325,126.96117279999999,,,,,
230,인헌23길,37.4700396,126.9704434,0.0,0.0,0.0,0.0,0.0,0.0,0.0,0.0,0.0,,,,,
231,난향16길,37.4638393,126.9152262,0.0,0.0,0.0,0.0,0.0,0.0,0.0,0.0,0.0,,,,,
232,쑥고개로26길,37.4775086,126.9492987,0.0,0.0,0.0,0.0,0.0,0.0,1.0,37.46644889,126.92185729999999,,,,,
233,남부순환로154길,37.4813214,126.9199947,0.0,0.0,0.0,0.0,0.0,0.0,0.0,0.0,0.0,,,,,
234,복은12길,37.47464520000001,126.9419091,0.0,0.0,0.0,0.0,0.0,0.0,5.0,37.47462974,126.94185470000001,,,,,
235,남현3가길,37.47400089999999,126.9769232,0.0,0.0,0.0,0.0,0.0,0.0,0.0,0.0,0.0,,,,,
236,남부순환로208길,37.4816638,126.9434069,0.0,0.0,0.0,0.0,0.0,0.0,0.0,0.0,0.0,,,,,
237,청룡8길,37.4801664,126.9444264,0.0,0.0,0.0,0.0,0.0,0.0,4.0,37.47987243,126.94598700000002,36.0,35.0,36.0,,
238,성림2길,37.4651129,126.9306869,0.0,0.0,0.0,0.0,0.0,0.0,0.0,0.0,0.0,,,,,
239,양녕로6가길,37.4858511,126.9489721,0.0,0.0,0.0,0.0,0.0,0.0,0.0,0.0,0.0,,,,,
240,남부순환로256라길,37.4720458,126.9733097,0.0,0.0,0.0,1.0,2.0,3.0,0.0,0.0,0.0,,,,,
241,신원로3라길,37.4820644,126.9258159,0.0,0.0,0.0,0.0,0.0,0.0,0.0,0.0,0.0,,,,,
242,미성10길,37.4721012,126.91196809999998,0.0,0.0,0.0,1.0,2.0,3.0,0.0,0.0,0.0,,,,,
243,청룡4길,37.4809911,126.9454393,0.0,0.0,0.0,0.0,0.0,0.0,5.0,37.48008749,126.9438852,,,,,
244,난곡로75길,37.4856861,126.9130135,0.0,0.0,0.0,0.0,0.0,0.0,0.0,0.0,0.0,,,,,
245,청룡11길,37.4774293,126.9461586,0.0,0.0,0.0,0.0,0.0,0.0,0.0,0.0,0.0,,,,,
246,청룡15길,37.4767826,126.9462561,0.0,0.0,0.0,0.0,0.0,0.0,1.0,37.47660905,126.94691090000002,,,,,
247,양지10길,37.4706053,126.9273631,0.0,0.0,0.0,0.0,0.0,0.0,0.0,0.0,0.0,,,,,
248,원신5길,37.4683346,126.9315163,0.0,0.0,0.0,0.0,0.0,0.0,0.0,0.0,0.0,,,,,
249,보라매로2길,37.4898721,126.9292715,0.0,0.0,0.0,0.0,0.0,0.0,0.0,0.0,0.0,,,,,
250,인헌15길,37.4709283,126.9680129,0.0,0.0,0.0,0.0,0.0,0.0,0.0,0.0,0.0,,,,,
251,난곡로65길,37.482286,126.9133056,0.0,0.0,0.0,0.0,0.0,0.0,0.0,0.0,0.0,,,,,
252,인헌17길,37.4707609,126.9688044,0.0,0.0,0.0,0.0,0.0,0.0,0.0,0.0,0.0,,,,,
253,행운1가길,37.48111289999999,126.9577646,0.0,0.0,0.0,0.0,0.0,0.0,0.0,0.0,0.0,,,,,
254,난곡로26라길,37.4681396,126.92405,0.0,0.0,0.0,0.0,0.0,0.0,0.0,0.0,0.0,,,,,
255,봉천로25길,37.4857337,126.9378416,0.0,0.0,0.0,0.0,0.0,0.0,1.0,37.48574948,126.93797690000001,,,,,
256,난곡로66길,37.48263220000001,126.9151979,0.0,0.0,0.0,0.0,0.0,0.0,0.0,0.0,0.0,,,,,
257,관악로24가길,37.48453920000001,126.9568312,0.0,0.0,0.0,1.0,1.0,2.0,0.0,0.0,0.0,,,,,
258,양지9길,37.4700438,126.9295987,0.0,0.0,0.0,0.0,0.0,0.0,0.0,0.0,0.0,,,,,
259,복은8길,37.4742692,126.9403465,0.0,0.0,0.0,0.0,0.0,0.0,0.0,0.0,0.0,,,,,
260,청림길,37.488036,126.9596111,0.0,0.0,0.0,0.0,0.0,0.0,4.0,37.48833424,126.95908349999999,,,,,
261,관천로21길,37.4881796,126.9209329,0.0,0.0,0.0,0.0,0.0,0.0,0.0,0.0,0.0,,,,,
262,난우10가길,37.476491,126.91973490000002,0.0,0.0,0.0,0.0,0.0,0.0,3.0,37.47624854,126.91948390000002,,,,,
263,법원단지28길,37.4748721,126.92445259999998,0.0,0.0,0.0,0.0,0.0,0.0,0.0,0.0,0.0,,,,,
264,봉천로7길,37.49067470000001,126.9261496,0.0,0.0,0.0,0.0,0.0,0.0,2.0,37.49063061,126.9263124,,,,,
265,대학4길,37.4696886,126.9366507,0.0,0.0,0.0,0.0,0.0,0.0,0.0,0.0,0.0,,,,,
266,관악로11나길,37.4776852,126.9484777,0.0,0.0,0.0,0.0,0.0,0.0,0.0,0.0,0.0,,,,,
267,법원단지5라길,37.4773946,126.9218391,0.0,0.0,0.0,0.0,0.0,0.0,0.0,0.0,0.0,,,,,
268,조원로8길,37.4826802,126.9060872,0.0,0.0,0.0,0.0,0.0,0.0,0.0,0.0,0.0,,,,,
269,난곡로35길,37.4707566,126.9173666,0.0,0.0,1.0,9.0,11.0,21.0,4.0,37.46934289,126.918127,,,,,
270,관악로40길,37.4922356,126.9583777,0.0,0.0,0.0,0.0,0.0,0.0,0.0,0.0,0.0,,,,봉천3동~상도동,16.0
271,문성로28가길,37.4785571,126.926431,0.0,0.0,0.0,0.0,0.0,0.0,0.0,0.0,0.0,,,,,
272,신림로31가길,37.4762481,126.9358313,0.0,0.0,1.0,7.0,9.0,17.0,1.0,37.47697373,126.9355708,,,,,
273,양지15길,37.4687934,126.930061,0.0,0.0,0.0,0.0,0.0,0.0,0.0,0.0,0.0,,,,,
274,남부순환로246다길,37.47455460000001,126.9647249,0.0,0.0,0.0,0.0,0.0,0.0,0.0,0.0,0.0,,,,,
275,은천로21길,37.4884807,126.9483827,0.0,0.0,0.0,0.0,0.0,0.0,0.0,0.0,0.0,,,,,
276,남현8길,37.4736155,126.9753154,0.0,0.0,0.0,0.0,0.0,0.0,0.0,0.0,0.0,,,,,
277,은천로9길,37.4875024,126.9406591,0.0,0.0,0.0,0.0,0.0,0.0,0.0,0.0,0.0,,,,,
278,인헌13길,37.4721139,126.9687376,0.0,0.0,0.0,0.0,0.0,0.0,0.0,0.0,0.0,,,,,
279,미성8길,37.4739818,126.91282549999998,0.0,0.0,0.0,0.0,0.0,0.0,1.0,37.47351263,126.91267309999999,,,,,
280,신림동2길,37.4879109,126.9278153,0.0,0.0,0.0,0.0,0.0,0.0,0.0,0.0,0.0,,,,,
281,관악로25길,37.4846306,126.9547992,0.0,0.0,0.0,0.0,0.0,0.0,0.0,0.0,0.0,,,,,
282,남부순환로209길,37.4825354,126.94454609999998,0.0,0.0,0.0,0.0,0.0,0.0,0.0,0.0,0.0,,,,,
283,관악로37길,37.4871415,126.9564462,0.0,0.0,1.0,3.0,3.0,7.0,1.0,37.48698336,126.95606070000001,,,,,
284,난곡로64가길,37.47848320000001,126.915749,0.0,0.0,0.0,0.0,0.0,0.0,0.0,0.0,0.0,,,,,
285,난우길,37.475377,126.9177646,0.0,0.0,0.0,2.0,1.0,3.0,9.0,37.47587344,126.9181953,28.0,27.0,30.0,,
286,법원단지5다길,37.478072,126.92076000000002,0.0,0.0,0.0,0.0,0.0,0.0,0.0,0.0,0.0,,,,,
287,난곡로50길,37.477395,126.9160956,0.0,0.0,0.0,0.0,0.0,0.0,0.0,0.0,0.0,,,,,
288,원신7길,37.4666764,126.9297043,0.0,0.0,0.0,0.0,0.0,0.0,0.0,0.0,0.0,,,,,
289,미성3길,37.47363350000001,126.9159331,0.0,0.0,0.0,2.0,2.0,4.0,5.0,37.47379633,126.91691409999999,,,,,
290,봉천로29길,37.4854642,126.9409312,0.0,0.0,0.0,0.0,0.0,0.0,0.0,0.0,0.0,,,,,
291,국회단지16길,37.4894528,126.9430779,0.0,0.0,0.0,0.0,0.0,0.0,0.0,0.0,0.0,,,,,
292,보라매로7길,37.4942208,126.9267693,0.0,0.0,0.0,0.0,0.0,0.0,0.0,0.0,0.0,,,,,
293,관천로27길,37.488901,126.9192601,0.0,0.0,3.0,16.0,19.0,38.0,0.0,0.0,0.0,,,,,
294,낙성대역14길,37.4732833,126.9632979,0.0,0.0,0.0,0.0,0.0,0.0,0.0,0.0,0.0,,,,,
295,난향7길,37.46094470000001,126.9153426,0.0,0.0,1.0,1.0,2.0,4.0,1.0,37.45886082,126.917401,,,,,
296,난곡로46길,37.4766436,126.9164473,0.0,0.0,0.0,0.0,0.0,0.0,0.0,0.0,0.0,,,,,
297,양녕로2길,37.4836394,126.9477422,0.0,0.0,0.0,0.0,0.0,0.0,0.0,0.0,0.0,,,,,
298,은천로32길,37.4850889,126.9530128,0.0,0.0,0.0,0.0,0.0,0.0,0.0,0.0,0.0,,,,,
299,봉천로23마길,37.4883885,126.9356494,0.0,0.0,0.0,0.0,0.0,0.0,0.0,0.0,0.0,,,,,
300,신림로15길,37.4678959,126.9370369,0.0,0.0,0.0,0.0,0.0,0.0,0.0,0.0,0.0,,,,,
301,솔밭로,37.4778078,126.9628493,0.0,0.0,0.0,0.0,0.0,0.0,4.0,37.47943617,126.9635368,,,,낙성대역 ~ 장미원아파트,14.0
302,쑥고개로1나길,37.4781303,126.937926,0.0,0.0,0.0,0.0,0.0,0.0,0.0,0.0,0.0,,,,,
303,국회단지13길,37.4891792,126.9405385,0.0,0.0,0.0,0.0,0.0,0.0,5.0,37.48941406,126.941028,,,,,
304,인헌12다길,37.470406200000006,126.9659467,0.0,0.0,0.0,0.0,0.0,0.0,0.0,0.0,0.0,,,,,
305,보라매로5길,37.4915334,126.9246884,0.0,0.0,0.0,1.0,2.0,3.0,0.0,0.0,0.0,,,,,
306,남부순환로163나길,37.4844026,126.9221963,0.0,0.0,0.0,0.0,0.0,0.0,0.0,0.0,0.0,,,,,
307,난곡로48길,37.4768503,126.9165054,0.0,0.0,0.0,0.0,0.0,0.0,0.0,0.0,0.0,,,,,
308,남부순환로191길,37.4857385,126.9342196,0.0,0.0,0.0,0.0,0.0,0.0,0.0,0.0,0.0,,,,,
309,난향3길,37.4620471,126.9166239,0.0,0.0,0.0,0.0,0.0,0.0,1.0,37.46178249,126.916206,,,,,
310,원신1길,37.4695164,126.9323296,0.0,0.0,0.0,0.0,0.0,0.0,0.0,0.0,0.0,,,,,
311,남부순환로143나길,37.48313579999999,126.9115423,0.0,0.0,0.0,0.0,0.0,0.0,0.0,0.0,0.0,,,,,
312,문성로30길,37.4785669,126.9284624,0.0,0.0,0.0,0.0,0.0,0.0,1.0,37.47805312,126.9282479,,,,,
313,난곡로64길,37.4818254,126.9177517,0.0,0.0,1.0,1.0,1.0,3.0,0.0,0.0,0.0,,,,,
314,봉천로23길,37.4877249,126.9356288,0.0,0.0,0.0,0.0,0.0,0.0,0.0,0.0,0.0,,,,,
315,봉천로30길,37.4837,126.9397866,0.0,0.0,0.0,0.0,0.0,0.0,0.0,0.0,0.0,,,,,
316,조원로12길,37.481592600000006,126.9064158,0.0,0.0,0.0,0.0,0.0,0.0,0.0,0.0,0.0,,,,,
317,쑥고개로2길,37.4762349,126.9388544,0.0,0.0,0.0,0.0,0.0,0.0,0.0,0.0,0.0,,,,,
318,인헌3나길,37.4739365,126.968061,0.0,0.0,0.0,0.0,0.0,0.0,0.0,0.0,0.0,,,,,
319,양지13길,37.468506700000006,126.9301464,0.0,0.0,0.0,0.0,0.0,0.0,0.0,0.0,0.0,,,,,
320,봉천로27길,37.484907,126.9391699,0.0,0.0,0.0,0.0,0.0,0.0,0.0,0.0,0.0,,,,,
321,인헌4길,37.4745016,126.9663562,0.0,0.0,0.0,0.0,0.0,0.0,0.0,0.0,0.0,,,,,
322,조원로22길,37.4843601,126.9132729,0.0,0.0,0.0,0.0,0.0,0.0,0.0,0.0,0.0,,,,,
323,원신10길,37.4599222,126.92994,0.0,0.0,0.0,0.0,0.0,0.0,0.0,0.0,0.0,,,,,
324,신원로3마길,37.48209420000001,126.9253106,0.0,0.0,0.0,0.0,0.0,0.0,0.0,0.0,0.0,,,,,
325,은천로26길,37.4860549,126.950572,0.0,0.0,0.0,0.0,0.0,0.0,0.0,0.0,0.0,,,,,
326,관악로16길,37.4800426,126.9539894,0.0,0.0,0.0,0.0,0.0,0.0,0.0,0.0,0.0,,,,,
327,신사로22길,37.4886058,126.9180219,0.0,0.0,0.0,0.0,0.0,0.0,0.0,0.0,0.0,,,,,
328,청림1길,37.48905379999999,126.9584179,0.0,0.0,0.0,0.0,0.0,0.0,0.0,0.0,0.0,,,,,
329,양녕로5길,37.48505720000001,126.9454486,0.0,0.0,0.0,0.0,0.0,0.0,0.0,0.0,0.0,,,,,
330,신사로20길,37.4885525,126.9176355,0.0,0.0,0.0,0.0,0.0,0.0,0.0,0.0,0.0,22.0,21.0,23.0,,
331,남부순환로191가길,37.4854654,126.93505079999998,0.0,0.0,0.0,0.0,0.0,0.0,0.0,0.0,0.0,,,,,
332,신림로48나길,37.4788472,126.93303459999998,0.0,0.0,0.0,0.0,0.0,0.0,0.0,0.0,0.0,,,,,
333,국회단지20길,37.4899958,126.9432504,0.0,0.0,0.0,0.0,0.0,0.0,0.0,0.0,0.0,,,,,
334,신사로12길,37.4876702,126.9160639,0.0,0.0,0.0,0.0,0.0,0.0,0.0,0.0,0.0,,,,,
335,낙성대역14가길,37.4728556,126.9642838,0.0,0.0,0.0,0.0,0.0,0.0,1.0,37.47348909,126.96413429999998,,,,,
336,신사로18길,37.4884126,126.9166934,0.0,0.0,0.0,0.0,0.0,0.0,0.0,0.0,0.0,,,,,
337,신림로32길,37.474604,126.9373003,0.0,0.0,0.0,0.0,0.0,0.0,0.0,0.0,0.0,,,,,
338,솔밭로5길,37.47937039999999,126.96281770000002,0.0,0.0,0.0,0.0,0.0,0.0,4.0,37.47982758,126.96306809999999,,,,,
339,난곡로11길,37.4657803,126.9178049,0.0,0.0,0.0,0.0,0.0,0.0,2.0,37.46569065,126.9171947,,,,,
340,낙성대역3길,37.475729,126.9628465,0.0,0.0,0.0,0.0,0.0,0.0,1.0,37.4754572,126.9625381,,,,,
341,난곡로25가길,37.4699784,126.9181354,0.0,0.0,0.0,0.0,0.0,0.0,3.0,37.4700542,126.91847790000001,,,,,
342,행운7길,37.4824263,126.9597576,0.0,0.0,0.0,0.0,0.0,0.0,0.0,0.0,0.0,,,,,
343,봉천로14길,37.4874895,126.9303457,0.0,0.0,0.0,0.0,0.0,0.0,0.0,0.0,0.0,,,,,
344,인헌19길,37.4707117,126.9701955,0.0,0.0,0.0,0.0,0.0,0.0,0.0,0.0,0.0,,,,,
345,신사로26길,37.4874648,126.9185307,0.0,0.0,0.0,0.0,0.0,0.0,0.0,0.0,0.0,,,,,
346,조원로33길,37.4868594,126.9210179,0.0,0.0,0.0,0.0,0.0,0.0,0.0,0.0,0.0,,,,,
347,당곡6가길,37.49205739999999,126.92852140000002,0.0,0.0,0.0,0.0,0.0,0.0,0.0,0.0,0.0,,,,,
348,난곡로26마길,37.46825070000001,126.9244049,0.0,0.0,0.0,0.0,0.0,0.0,0.0,0.0,0.0,,,,,
349,국회단지21길,37.490393,126.9413648,0.0,0.0,0.0,0.0,0.0,0.0,0.0,0.0,0.0,,,,,
350,대학6길,37.4690969,126.936217,0.0,0.0,0.0,0.0,0.0,0.0,5.0,37.46905946,126.93642279999999,,,,,
351,서원10길,37.4762946,126.9317214,0.0,0.0,0.0,0.0,0.0,0.0,0.0,0.0,0.0,,,,,
352,난곡로30나길,37.4709986,126.9224171,0.0,0.0,0.0,0.0,0.0,0.0,0.0,0.0,0.0,,,,,
353,남부순환로210길,37.481683200000006,126.945484,0.0,0.0,0.0,0.0,0.0,0.0,5.0,37.48048661,126.944654,,,,,
354,난곡로39길,37.4750509,126.91622859999998,0.0,0.0,0.0,0.0,0.0,0.0,0.0,0.0,0.0,,,,,
355,난곡로25길,37.47045670000001,126.9194197,0.0,0.0,0.0,0.0,0.0,0.0,0.0,0.0,0.0,,,,,
356,대학5길,37.4690928,126.9384072,0.0,0.0,0.0,0.0,0.0,0.0,0.0,0.0,0.0,,,,,
357,시흥대로164길,37.4815875,126.9024527,0.0,0.0,0.0,0.0,0.0,0.0,0.0,0.0,0.0,,,,,
358,남부순환로168라길,37.4801315,126.9256512,0.0,0.0,0.0,0.0,0.0,0.0,0.0,0.0,0.0,,,,,
359,법원단지3길,37.4751389,126.9190032,0.0,0.0,0.0,0.0,0.0,0.0,0.0,0.0,0.0,,,,,
360,인헌1나길,37.4734213,126.969598,0.0,0.0,0.0,0.0,0.0,0.0,1.0,37.47337155,126.969902,,,,,
361,남부순환로166길,37.4814237,126.9237525,0.0,0.0,1.0,6.0,7.0,14.0,4.0,37.48043463,126.92393340000001,,,,,
362,문성로27길,37.47965470000001,126.9269546,0.0,0.0,0.0,0.0,0.0,0.0,0.0,0.0,0.0,,,,,
363,호암로16길,37.4643305,126.9335063,0.0,0.0,0.0,2.0,3.0,5.0,1.0,37.46556777,126.9331702,,,,,
364,신림동5가길,37.4867773,126.9267121,0.0,0.0,0.0,0.0,0.0,0.0,0.0,0.0,0.0,,,,,
365,승방1길,37.4725674,126.9796758,0.0,0.0,0.0,0.0,0.0,0.0,2.0,37.47177181,126.97905359999999,,,,,
366,장군봉7길,37.47985429999999,126.9409514,0.0,0.0,0.0,0.0,0.0,0.0,1.0,37.48063484,126.94017120000001,,,,,
367,신림로19길,37.4684078,126.93539540000002,0.0,0.0,0.0,0.0,0.0,0.0,0.0,0.0,0.0,,,,,
368,법원단지18길,37.4737098,126.9225803,0.0,0.0,0.0,0.0,0.0,0.0,1.0,37.47331235,126.92363629999998,,,,,
369,국회단지23길,37.49081810000001,126.9407262,0.0,0.0,0.0,0.0,0.0,0.0,0.0,0.0,0.0,,,,,
370,신림로8길,37.47112429999999,126.939511,0.0,0.0,0.0,0.0,0.0,0.0,0.0,0.0,0.0,,,,,
371,은천로36길,37.4856241,126.9539246,0.0,0.0,0.0,0.0,0.0,0.0,0.0,0.0,0.0,,,,,
372,관악로30길,37.4858635,126.9594652,0.0,0.0,3.0,9.0,11.0,23.0,0.0,0.0,0.0,25.0,24.0,27.0,우성아파트입구~푸르지오아파트,63.0
373,양녕로6나길,37.4853781,126.9499409,0.0,0.0,2.0,9.0,11.0,22.0,4.0,37.48552653,126.94969990000001,,,,,
374,난곡로10길,37.4653935,126.9206372,0.0,0.0,0.0,0.0,0.0,0.0,0.0,0.0,0.0,,,,,
375,은천로34길,37.4859688,126.9531846,0.0,0.0,0.0,0.0,0.0,0.0,0.0,0.0,0.0,,,,,
376,은천로24길,37.4858153,126.9483281,0.0,0.0,0.0,0.0,0.0,0.0,0.0,0.0,0.0,,,,,
377,남부순환로214길,37.4805081,126.94754070000002,0.0,0.0,0.0,0.0,0.0,0.0,0.0,0.0,0.0,,,,,
378,남부순환로187길,37.4851975,126.933847,0.0,0.0,0.0,0.0,0.0,0.0,0.0,0.0,0.0,,,,,
379,서림9길,37.4727403,126.9406655,0.0,0.0,0.0,0.0,0.0,0.0,0.0,0.0,0.0,,,,,
380,봉천로21라길,37.4887941,126.9335482,0.0,0.0,0.0,0.0,0.0,0.0,1.0,37.48908686,126.93374140000002,,,,,
381,조원로2가길,37.4829686,126.9037586,0.0,0.0,0.0,0.0,0.0,0.0,0.0,0.0,0.0,,,,,
382,남부순환로198길,37.4840286,126.93688229999998,0.0,0.0,1.0,5.0,7.0,13.0,0.0,0.0,0.0,,,,,
383,인헌3길,37.4737054,126.9695827,0.0,0.0,0.0,0.0,0.0,0.0,0.0,0.0,0.0,,,,,
384,난곡로24다길,37.4690576,126.9218512,0.0,0.0,0.0,0.0,0.0,0.0,0.0,0.0,0.0,,,,,
385,당곡6나길,37.4925058,126.9318872,0.0,0.0,0.0,0.0,0.0,0.0,0.0,0.0,0.0,,,,,
386,봉천로55길,37.48147120000001,126.9557747,0.0,0.0,0.0,0.0,0.0,0.0,0.0,0.0,0.0,,,,,
387,관천로15길,37.4858857,126.9173824,0.0,0.0,0.0,0.0,0.0,0.0,0.0,0.0,0.0,33.0,32.0,35.0,,
388,청룡중앙길,37.4777467,126.9471025,0.0,0.0,0.0,0.0,0.0,0.0,0.0,0.0,0.0,,,,,
389,신림로31길,37.4756591,126.9357044,0.0,0.0,0.0,0.0,0.0,0.0,0.0,0.0,0.0,,,,,
390,조원로21길,37.4853789,126.9123175,0.0,0.0,0.0,0.0,0.0,0.0,0.0,0.0,0.0,,,,,
391,난향10길,37.4630251,126.9158379,0.0,0.0,0.0,0.0,0.0,0.0,0.0,0.0,0.0,,,,,
392,남부순환로149길,37.4830353,126.9155719,0.0,0.0,0.0,0.0,0.0,0.0,3.0,37.48277114,126.9160023,,,,,
393,법원단지길,37.4763766,126.9247553,0.0,0.0,0.0,0.0,0.0,0.0,5.0,37.47570943,126.9242106,26.0,24.0,27.0,,
394,중앙1길,37.4850347,126.9508201,0.0,0.0,0.0,0.0,0.0,0.0,0.0,0.0,0.0,,,,,
395,신림로30길,37.472986,126.93626709999998,0.0,0.0,0.0,0.0,0.0,0.0,0.0,0.0,0.0,,,,,
396,호암로18가길,37.4650021,126.9326064,0.0,0.0,0.0,0.0,0.0,0.0,0.0,0.0,0.0,,,,,
397,난곡로32길,37.4723696,126.9201368,0.0,0.0,0.0,0.0,0.0,0.0,0.0,0.0,0.0,,,,,
398,봉천로19길,37.4885176,126.9334313,0.0,0.0,0.0,0.0,0.0,0.0,0.0,0.0,0.0,,,,,
399,신림로7가길,37.4698659,126.94204609999998,0.0,0.0,0.0,0.0,0.0,0.0,0.0,0.0,0.0,,,,,
400,남부순환로156길,37.4816779,126.9203237,0.0,0.0,0.0,1.0,1.0,2.0,1.0,37.47865536,126.92024109999998,,,,,
401,신림로44가길,37.4780708,126.936935,0.0,0.0,0.0,0.0,0.0,0.0,0.0,0.0,0.0,,,,,
402,신원로4길,37.4804286,126.9290357,0.0,0.0,0.0,0.0,0.0,0.0,0.0,0.0,0.0,,,,,
403,장군봉2길,37.4822372,126.9395629,0.0,0.0,0.0,0.0,0.0,0.0,5.0,37.48226928,126.94018390000002,28.0,28.0,28.0,,
404,신림로17길,37.46735560000001,126.9366212,0.0,0.0,0.0,0.0,0.0,0.0,0.0,0.0,0.0,,,,,
405,은천로33길,37.488161700000006,126.95276090000002,0.0,0.0,0.0,2.0,3.0,5.0,0.0,0.0,0.0,,,,성현로~드림타운정문,6.0
406,신림로58가길,37.4810403,126.9332909,0.0,0.0,0.0,0.0,0.0,0.0,0.0,0.0,0.0,,,,,
407,난향길,37.4630037,126.9169376,0.0,0.0,0.0,0.0,0.0,0.0,7.0,37.46283034,126.91558490000001,6.0,6.0,7.0,,
408,문성로38가길,37.4764193,126.9276979,0.0,0.0,0.0,0.0,0.0,0.0,0.0,0.0,0.0,,,,,
409,남부순환로200다길,37.4827682,126.9363115,0.0,0.0,0.0,0.0,0.0,0.0,1.0,37.48272379,126.93563,,,,,
410,복은2길,37.473633,126.9377318,0.0,0.0,0.0,0.0,0.0,0.0,0.0,0.0,0.0,,,,,
411,남부순환로224길,37.4801248,126.9532527,0.0,0.0,0.0,0.0,0.0,0.0,0.0,0.0,0.0,,,,,
412,난곡로34다길,37.47155220000001,126.9223283,0.0,0.0,0.0,0.0,0.0,0.0,1.0,37.47207427,126.92244860000001,,,,,
413,조원로15길,37.4846955,126.9098998,0.0,0.0,0.0,0.0,0.0,0.0,0.0,0.0,0.0,,,,,
414,관천로23길,37.4884187,126.9206798,0.0,0.0,0.0,0.0,0.0,0.0,0.0,0.0,0.0,,,,,
415,신림로29길,37.4744925,126.9342125,0.0,0.0,1.0,9.0,10.0,20.0,0.0,0.0,0.0,,,,,
416,법원단지33길,37.4764873,126.9242828,0.0,0.0,0.0,0.0,0.0,0.0,0.0,0.0,0.0,,,,,
417,조원로23길,37.4852019,126.9127766,0.0,0.0,0.0,0.0,0.0,0.0,0.0,0.0,0.0,,,,,
418,남부순환로244가길,37.4757536,126.9637365,0.0,0.0,0.0,0.0,0.0,0.0,0.0,0.0,0.0,,,,,
419,구암7길,37.4905671,126.94679840000002,0.0,0.0,0.0,0.0,0.0,0.0,0.0,0.0,0.0,,,,,
420,은천로39길,37.4886703,126.95434109999998,0.0,0.0,0.0,2.0,2.0,4.0,0.0,0.0,0.0,,,,,
421,난곡로34길,37.4729772,126.91977620000002,0.0,0.0,0.0,1.0,1.0,2.0,0.0,0.0,0.0,24.0,23.0,26.0,,
422,장군봉4길,37.4818346,126.9396024,0.0,0.0,0.0,0.0,0.0,0.0,0.0,0.0,0.0,,,,,
423,문성로32가길,37.4785145,126.9294838,0.0,0.0,0.0,0.0,0.0,0.0,0.0,0.0,0.0,,,,,
424,양녕로16길,37.4905801,126.9451154,0.0,0.0,0.0,0.0,0.0,0.0,1.0,37.49084507,126.9455365,,,,,
425,남현7길,37.4733808,126.9786599,0.0,0.0,0.0,2.0,2.0,4.0,0.0,0.0,0.0,,,,,
426,원신8길,37.4666101,126.9292344,0.0,0.0,0.0,0.0,0.0,0.0,0.0,0.0,0.0,,,,,
427,신림로50길,37.4797789,126.9316075,0.0,0.0,0.0,0.0,0.0,0.0,0.0,0.0,0.0,,,,,
428,남부순환로141가길,37.4816529,126.9085157,0.0,0.0,0.0,0.0,0.0,0.0,0.0,0.0,0.0,,,,,
429,남부순환로256나길,37.47277620000001,126.9729663,0.0,0.0,0.0,0.0,0.0,0.0,0.0,0.0,0.0,,,,,
430,남부순환로172길,37.4826201,126.9221523,0.0,0.0,0.0,1.0,1.0,2.0,0.0,0.0,0.0,34.0,34.0,35.0,,
431,신림로68길,37.4865872,126.93099309999998,0.0,0.0,0.0,0.0,0.0,0.0,0.0,0.0,0.0,,,,,
432,신림동7길,37.4859157,126.9264311,0.0,0.0,1.0,1.0,1.0,3.0,0.0,0.0,0.0,,,,,
433,남부순환로272길,37.4751503,126.9782387,0.0,0.0,0.0,0.0,0.0,0.0,0.0,0.0,0.0,,,,,
434,양지2길,37.4711342,126.9318584,0.0,0.0,0.0,0.0,0.0,0.0,0.0,0.0,0.0,,,,,
435,신우길,37.4618154,126.9327673,0.0,0.0,0.0,0.0,0.0,0.0,0.0,0.0,0.0,,,,,
436,양녕로10길,37.486143,126.9477154,0.0,0.0,0.0,0.0,0.0,0.0,0.0,0.0,0.0,,,,,
437,법원단지22길,37.4740577,126.9238594,0.0,0.0,0.0,0.0,0.0,0.0,1.0,37.47364015,126.92396979999998,,,,,
438,남현3길,37.4750656,126.977267,0.0,0.0,0.0,0.0,0.0,0.0,0.0,0.0,0.0,36.0,34.0,38.0,,
439,양녕로6다길,37.48450310000001,126.9499528,0.0,0.0,0.0,0.0,0.0,0.0,6.0,37.4838374,126.94979609999999,,,,,
440,봉천로17길,37.48851989999999,126.9315008,0.0,0.0,0.0,0.0,0.0,0.0,0.0,0.0,0.0,,,,,
441,남부순환로240길,37.4767319,126.9607382,0.0,0.0,0.0,0.0,0.0,0.0,3.0,37.47711289,126.9605956,,,,,
442,참숯1길,37.4786874,126.94145120000002,0.0,0.0,0.0,0.0,0.0,0.0,0.0,0.0,0.0,,,,,
443,참숯2길,37.4764037,126.9418455,0.0,0.0,0.0,0.0,0.0,0.0,0.0,0.0,0.0,,,,,
444,청룡6길,37.480319,126.9457657,0.0,0.0,0.0,0.0,0.0,0.0,0.0,0.0,0.0,,,,,
445,호암로20길,37.4671001,126.9351715,0.0,0.0,0.0,0.0,0.0,0.0,2.0,37.46749117,126.9342243,44.0,52.0,37.0,,
446,난곡로30길,37.471349,126.921539,0.0,0.0,0.0,0.0,0.0,0.0,0.0,0.0,0.0,,,,,
447,난곡로24나길,37.46947,126.9217976,0.0,0.0,0.0,0.0,0.0,0.0,0.0,0.0,0.0,,,,,
448,구암5가길,37.49115,126.9464681,0.0,0.0,0.0,2.0,3.0,5.0,1.0,37.49125069,126.946317,,,,,
449,낙성대역10길,37.4731555,126.963369,0.0,0.0,0.0,0.0,0.0,0.0,0.0,0.0,0.0,,,,,
450,호암로24가길,37.4681355,126.9338988,0.0,0.0,0.0,0.0,0.0,0.0,0.0,0.0,0.0,,,,,
451,난곡로61길,37.4805324,126.9135579,0.0,0.0,0.0,0.0,0.0,0.0,0.0,0.0,0.0,,,,,
452,봉천로23바길,37.4887929,126.9369909,0.0,0.0,0.0,0.0,0.0,0.0,1.0,37.4888039,126.93760479999999,,,,,
453,신림로11가길,37.4665466,126.938497,0.0,0.0,0.0,0.0,0.0,0.0,0.0,0.0,0.0,,,,,
454,신사로24길,37.4887278,126.9181554,0.0,0.0,0.0,0.0,0.0,0.0,0.0,0.0,0.0,,,,,
455,관천로20길,37.4881465,126.9240541,0.0,0.0,0.0,0.0,0.0,0.0,0.0,0.0,0.0,,,,,
456,신원로5길,37.4825544,126.92709840000002,0.0,0.0,0.0,0.0,0.0,0.0,0.0,0.0,0.0,,,,,
457,국회단지10길,37.4886169,126.9428017,0.0,0.0,0.0,0.0,0.0,0.0,1.0,37.48838569,126.94295859999998,,,,,
458,서림11가길,37.4715083,126.941276,0.0,0.0,0.0,0.0,0.0,0.0,0.0,0.0,0.0,,,,,
459,호암로18다길,37.4648479,126.9336709,0.0,0.0,0.0,0.0,0.0,0.0,0.0,0.0,0.0,,,,,
460,신림로63길,37.4848184,126.9290042,0.0,0.0,0.0,0.0,0.0,0.0,0.0,0.0,0.0,,,,,
461,난곡로18길,37.46800820000001,126.92074879999998,0.0,0.0,0.0,0.0,0.0,0.0,0.0,0.0,0.0,,,,,
462,난곡로57길,37.4792916,126.9137956,0.0,0.0,0.0,0.0,0.0,0.0,0.0,0.0,0.0,,,,,
463,남부순환로168다길,37.4804199,126.9236275,0.0,0.0,0.0,0.0,0.0,0.0,0.0,0.0,0.0,,,,,
464,행운1바길,37.4836795,126.9565328,0.0,0.0,0.0,0.0,0.0,0.0,0.0,0.0,0.0,,,,,
465,양녕로2가길,37.4852458,126.9477808,0.0,0.0,0.0,0.0,0.0,0.0,10.0,37.48592529,126.9475354,,,,,
466,남부순환로230길,37.4761924,126.954478,0.0,0.0,1.0,4.0,5.0,10.0,0.0,0.0,0.0,,,,,
467,남부순환로141길,37.4831627,126.9092207,0.0,0.0,0.0,0.0,0.0,0.0,0.0,0.0,0.0,,,,,
468,승방10길,37.4729553,126.9778033,0.0,0.0,0.0,0.0,0.0,0.0,0.0,0.0,0.0,,,,,
469,은천로35가길,37.4864688,126.9536074,0.0,0.0,0.0,0.0,0.0,0.0,0.0,0.0,0.0,,,,,
470,대학10길,37.4676948,126.9363214,0.0,0.0,0.0,0.0,0.0,0.0,1.0,37.46753497,126.9376382,,,,,
471,인헌2길,37.47518820000001,126.9660239,0.0,0.0,0.0,0.0,0.0,0.0,0.0,0.0,0.0,,,,,
472,남부순환로163길,37.484956,126.9212977,0.0,0.0,0.0,0.0,0.0,0.0,0.0,0.0,0.0,,,,,
473,남부순환로131가길,37.4824435,126.9081196,0.0,0.0,0.0,0.0,0.0,0.0,0.0,0.0,0.0,,,,,
474,국회단지15길,37.48954310000001,126.9400413,0.0,0.0,0.0,0.0,0.0,0.0,0.0,0.0,0.0,,,,,
475,조원중앙로2길,37.4813018,126.9088682,0.0,0.0,0.0,0.0,0.0,0.0,0.0,0.0,0.0,28.0,28.0,29.0,,
476,승방3길,37.4729649,126.9815928,0.0,0.0,0.0,0.0,0.0,0.0,0.0,0.0,0.0,,,,,
477,봉천로23나길,37.4872535,126.9363059,0.0,0.0,0.0,0.0,0.0,0.0,0.0,0.0,0.0,,,,,
478,관악로38길,37.4897798,126.95773359999998,0.0,0.0,0.0,0.0,0.0,0.0,0.0,0.0,0.0,,,,,
479,낙성대로4길,37.4765516,126.9583074,0.0,0.0,0.0,0.0,0.0,0.0,5.0,37.47646174,126.95778529999998,,,,,
480,봉천로31길,37.4849972,126.939462,0.0,0.0,0.0,0.0,0.0,0.0,0.0,0.0,0.0,,,,,
481,난곡로26나길,37.4689754,126.9234074,0.0,0.0,0.0,0.0,0.0,0.0,6.0,37.46865733,126.9234215,,,,,
482,행운1길,37.4827184,126.9563374,0.0,0.0,0.0,0.0,0.0,0.0,1.0,37.4817577,126.95640209999999,45.0,43.0,47.0,,
483,난곡로35나길,37.473271,126.9180351,0.0,0.0,0.0,0.0,0.0,0.0,1.0,37.47275349,126.9181587,,,,,
484,은천로23길,37.4885012,126.948658,0.0,0.0,0.0,0.0,0.0,0.0,0.0,0.0,0.0,,,,,
485,남부순환로151길,37.4840656,126.9151561,0.0,0.0,0.0,0.0,0.0,0.0,8.0,37.48299627,126.9172314,28.0,27.0,29.0,,
486,행운1마길,37.4831094,126.9553861,0.0,0.0,0.0,0.0,1.0,1.0,0.0,0.0,0.0,,,,,
487,청룡5길,37.4802704,126.9465788,0.0,0.0,0.0,0.0,0.0,0.0,0.0,0.0,0.0,,,,,
488,문성로36길,37.4782616,126.9296629,0.0,0.0,0.0,0.0,0.0,0.0,0.0,0.0,0.0,,,,,
489,난향15길,37.462889,126.9146357,0.0,0.0,0.0,0.0,0.0,0.0,0.0,0.0,0.0,,,,,
490,관악로14나길,37.4772455,126.9572384,0.0,0.0,0.0,0.0,0.0,0.0,0.0,0.0,0.0,,,,,
491,남부순환로220길,37.4800955,126.9516465,0.0,0.0,0.0,0.0,0.0,0.0,0.0,0.0,0.0,,,,,
492,난향14길,37.4637854,126.915425,0.0,0.0,0.0,0.0,0.0,0.0,0.0,0.0,0.0,,,,,
493,은천로35다길,37.4873789,126.95359109999998,0.0,0.0,0.0,0.0,0.0,0.0,0.0,0.0,0.0,,,,,
494,남부순환로245길,37.4772779,126.9654858,0.0,0.0,0.0,0.0,0.0,0.0,0.0,0.0,0.0,,,,,
495,낙성대역18길,37.4734285,126.96511940000002,0.0,0.0,0.0,0.0,0.0,0.0,0.0,0.0,0.0,,,,,
496,인헌9길,37.47289960000001,126.9681725,0.0,0.0,1.0,1.0,1.0,3.0,1.0,37.47241048,126.97100359999999,,,,,
497,남부순환로196길,37.4839387,126.9356116,0.0,0.0,0.0,0.0,0.0,0.0,0.0,0.0,0.0,,,,,
498,서원길,37.4770423,126.93270520000002,0.0,0.0,0.0,0.0,0.0,0.0,3.0,37.47749693,126.93282409999999,,,,,
499,남부순환로142길,37.4793541,126.91239740000002,0.0,0.0,0.0,0.0,0.0,0.0,0.0,0.0,0.0,21.0,21.0,22.0,,
500,남부순환로143길,37.4825975,126.9106353,0.0,0.0,0.0,0.0,0.0,0.0,0.0,0.0,0.0,,,,,
501,남부순환로160길,37.4821954,126.9220942,0.0,0.0,0.0,0.0,0.0,0.0,0.0,0.0,0.0,,,,,
502,신림로22길,37.4719807,126.9356292,0.0,0.0,0.0,0.0,0.0,0.0,0.0,0.0,0.0,,,,,
503,신림로58길,37.48236710000001,126.9318648,0.0,0.0,0.0,5.0,6.0,11.0,0.0,0.0,0.0,,,,,
504,신림로11길,37.4648076,126.9403103,0.0,0.0,0.0,1.0,2.0,3.0,0.0,0.0,0.0,32.0,38.0,25.0,,
505,조원중앙로,37.4827912,126.9062771,0.0,0.0,0.0,0.0,0.0,0.0,0.0,0.0,0.0,,,,구로전화국~도림천,23.0
506,문성로26길,37.4786631,126.92614009999998,0.0,0.0,0.0,0.0,0.0,0.0,0.0,0.0,0.0,,,,,
507,남현1가길,37.4753516,126.9775057,0.0,0.0,0.0,0.0,1.0,1.0,0.0,0.0,0.0,,,,,
508,장군봉11길,37.4800018,126.9395885,0.0,0.0,0.0,0.0,0.0,0.0,0.0,0.0,0.0,,,,,
509,장군봉5길,37.4807302,126.9412683,0.0,0.0,0.0,0.0,0.0,0.0,1.0,37.48116875,126.94134380000001,,,,,
510,난곡로28길,37.4712162,126.9201499,0.0,0.0,0.0,0.0,0.0,0.0,0.0,0.0,0.0,,,,,
511,봉천로43길,37.4840986,126.9488763,0.0,0.0,0.0,0.0,0.0,0.0,0.0,0.0,0.0,,,,,
512,남부순환로266길,37.4758816,126.9763154,0.0,0.0,0.0,0.0,0.0,0.0,0.0,0.0,0.0,,,,,
513,은천로35길,37.4872963,126.9542334,0.0,0.0,0.0,0.0,0.0,0.0,5.0,37.48837014,126.95388600000001,,,,,
514,장군봉15길,37.4791269,126.940073,0.0,0.0,0.0,0.0,0.0,0.0,0.0,0.0,0.0,,,,,
515,신림로70길,37.4873121,126.9314612,0.0,0.0,0.0,0.0,0.0,0.0,2.0,37.48773425,126.9301319,,,,,
516,낙성대역6길,37.4742399,126.9623551,0.0,0.0,0.0,0.0,0.0,0.0,5.0,37.47480181,126.96220590000001,,,,,
517,난곡로31길,37.47145510000001,126.9190464,0.0,0.0,0.0,0.0,0.0,0.0,0.0,0.0,0.0,,,,,
518,관악로28길,37.4850752,126.9580545,0.0,0.0,0.0,2.0,3.0,5.0,0.0,0.0,0.0,25.0,23.0,26.0,,
519,신원로1길,37.4803253,126.9268482,0.0,0.0,0.0,0.0,0.0,0.0,0.0,0.0,0.0,,,,,
520,남부순환로131길,37.4822702,126.9067991,0.0,0.0,0.0,0.0,0.0,0.0,0.0,0.0,0.0,,,,,
521,신림로71길,37.4880666,126.9267874,0.0,0.0,0.0,0.0,0.0,0.0,4.0,37.48798077,126.9257294,,,,,
522,당곡6길,37.49138129999999,126.9284154,0.0,0.0,0.0,0.0,0.0,0.0,5.0,37.49210332,126.9295392,,,,,
523,구암길,37.4913534,126.946676,0.0,0.0,1.0,3.0,4.0,8.0,7.0,37.491820000000004,126.94692659999998,19.0,17.0,20.0,드림타운남문~성현로,30.0
524,행운길,37.4805596,126.9597642,0.0,0.0,0.0,0.0,0.0,0.0,2.0,37.48070962,126.95947920000002,45.0,43.0,47.0,,
525,문성로32길,37.4771002,126.9284716,0.0,0.0,0.0,0.0,0.0,0.0,1.0,37.47862396,126.92879920000001,,,,,
526,쑥고개로2나길,37.4767854,126.9392787,0.0,0.0,0.0,0.0,0.0,0.0,0.0,0.0,0.0,,,,,
527,국회단지9길,37.48864920000001,126.9400411,0.0,0.0,0.0,0.0,0.0,0.0,0.0,0.0,0.0,,,,,
528,신림로53가길,37.4791767,126.93102009999998,0.0,0.0,0.0,0.0,0.0,0.0,0.0,0.0,0.0,,,,,
529,남부순환로247길,37.4783772,126.9653889,0.0,0.0,0.0,0.0,0.0,0.0,5.0,37.4767182,126.9664007,,,,,
530,호암로26가길,37.4693152,126.9336267,0.0,0.0,0.0,0.0,0.0,0.0,0.0,0.0,0.0,,,,,
531,국회단지5길,37.48819870000001,126.93959270000002,0.0,0.0,0.0,0.0,0.0,0.0,1.0,37.48806084,126.9395179,,,,,
532,관악로24나길,37.4849432,126.9576527,0.0,0.0,0.0,0.0,0.0,0.0,0.0,0.0,0.0,,,,,
533,은천로37길,37.4877182,126.9550506,0.0,0.0,0.0,0.0,0.0,0.0,0.0,0.0,0.0,,,,,
534,신림로26길,37.472955,126.93449,0.0,0.0,0.0,0.0,0.0,0.0,0.0,0.0,0.0,,,,,
535,난곡로45길,37.4760717,126.91469109999998,0.0,0.0,0.0,0.0,0.0,0.0,4.0,37.47642475,126.9157101,,,,,
536,인헌16나길,37.4689193,126.9665108,0.0,0.0,0.0,0.0,0.0,0.0,0.0,0.0,0.0,,,,,
537,신림로28길,37.4721187,126.9358176,0.0,0.0,0.0,0.0,0.0,0.0,8.0,37.47207027,126.9367369,36.0,41.0,31.0,,
538,솔밭로7길,37.47998670000001,126.96336409999998,0.0,0.0,1.0,3.0,3.0,7.0,0.0,0.0,0.0,,,,,
539,낙성대로3길,37.474255600000006,126.9602917,0.0,0.0,0.0,0.0,0.0,0.0,0.0,0.0,0.0,,,,,
540,남부순환로256길,37.474999,126.9724249,0.0,0.0,0.0,0.0,0.0,0.0,4.0,37.47385487,126.9732169,,,,,
541,보라매로,37.4907916,126.9277476,0.0,0.0,1.0,5.0,5.0,11.0,6.0,37.49269505,126.926966,,,,당곡사거리~삼육재활원,32.0
542,남부순환로200가길,37.4833877,126.936714,0.0,0.0,0.0,0.0,0.0,0.0,0.0,0.0,0.0,,,,,
543,신사로10길,37.4870102,126.9141705,0.0,0.0,0.0,0.0,0.0,0.0,0.0,0.0,0.0,,,,,
544,청림3라길,37.49071710000001,126.95912140000002,0.0,0.0,0.0,0.0,0.0,0.0,3.0,37.49019989,126.95980530000001,,,,,
545,청림3바길,37.490919700000006,126.9592649,0.0,0.0,0.0,0.0,0.0,0.0,0.0,0.0,0.0,,,,,
546,국회단지12길,37.4888026,126.9426125,0.0,0.0,0.0,0.0,0.0,0.0,0.0,0.0,0.0,,,,,
547,인헌12길,37.47074600000001,126.9659693,0.0,0.0,2.0,6.0,8.0,16.0,0.0,0.0,0.0,,,,,
548,남부순환로168길,37.4823986,126.9238284,0.0,0.0,0.0,1.0,0.0,1.0,1.0,37.48189041,126.9240662,,,,,
549,동마길,37.4639393,126.930655,0.0,0.0,0.0,0.0,0.0,0.0,0.0,0.0,0.0,,,,,
550,신림로18가길,37.4723687,126.9352453,0.0,0.0,0.0,0.0,0.0,0.0,0.0,0.0,0.0,,,,,
551,국회단지17길,37.4898351,126.9411818,0.0,0.0,0.0,0.0,0.0,0.0,0.0,0.0,0.0,,,,,
552,양녕로7길,37.4859855,126.9465094,0.0,0.0,0.0,0.0,0.0,0.0,0.0,0.0,0.0,,,,,
553,관악로8길,37.475607200000006,126.9541988,0.0,0.0,0.0,0.0,0.0,0.0,0.0,0.0,0.0,,,,,
554,관악로24길,37.485094,126.956792,0.0,0.0,0.0,1.0,1.0,2.0,0.0,0.0,0.0,,,,,
555,청룡길,37.4772455,126.9454645,1.0,1.0,1.0,3.0,4.0,10.0,0.0,0.0,0.0,43.0,42.0,45.0,풍림아파트(양측),7.0
556,봉천로49길,37.4833711,126.9518954,0.0,0.0,0.0,0.0,0.0,0.0,0.0,0.0,0.0,,,,,
557,서원8길,37.4766809,126.9318043,0.0,0.0,0.0,0.0,0.0,0.0,0.0,0.0,0.0,,,,,
558,조원로4길,37.48253820000001,126.9048678,0.0,0.0,0.0,0.0,0.0,0.0,4.0,37.48211292,126.9051494,,,,,
559,행운5길,37.4817236,126.9588264,0.0,0.0,0.0,0.0,0.0,0.0,1.0,37.48192982,126.95902579999999,,,,,
560,신림로65길,37.4854137,126.9278971,0.0,0.0,5.0,12.0,16.0,33.0,0.0,0.0,0.0,53.0,53.0,52.0,,
561,서원7길,37.4761579,126.9336682,0.0,0.0,0.0,0.0,0.0,0.0,0.0,0.0,0.0,,,,,
562,낙성대역4길,37.4749665,126.9610713,0.0,0.0,0.0,0.0,0.0,0.0,0.0,0.0,0.0,,,,,
563,봉천로17가길,37.4884093,126.932932,0.0,0.0,0.0,0.0,0.0,0.0,0.0,0.0,0.0,,,,,
564,난곡로34나길,37.4726485,126.9221746,0.0,0.0,0.0,0.0,0.0,0.0,0.0,0.0,0.0,,,,,
565,봉천로13다길,37.490934,126.9324239,0.0,0.0,0.0,0.0,0.0,0.0,0.0,0.0,0.0,,,,,
566,청림2길,37.4869216,126.9586887,0.0,0.0,0.0,0.0,0.0,0.0,0.0,0.0,0.0,,,,,
567,솔밭로2길,37.4782768,126.963351,0.0,0.0,0.0,0.0,0.0,0.0,0.0,0.0,0.0,,,,,
568,청림6길,37.48699620000001,126.9597851,0.0,0.0,0.0,9.0,2.0,11.0,2.0,37.48635301,126.95892079999999,,,,,
569,조원로10길,37.4812755,126.90451000000002,0.0,0.0,0.0,0.0,0.0,0.0,0.0,0.0,0.0,36.0,38.0,34.0,,
570,인헌16길,37.4694647,126.966404,0.0,0.0,0.0,0.0,0.0,0.0,4.0,37.46988641,126.9666271,,,,,
571,법원단지2길,37.47379160000001,126.9194771,0.0,0.0,0.0,0.0,0.0,0.0,4.0,37.4737186,126.9195813,,,,,
572,대학18길,37.46400360000001,126.9361301,0.0,0.0,1.0,2.0,2.0,5.0,0.0,0.0,0.0,,,,,
573,인헌3가길,37.4738222,126.9674738,0.0,0.0,0.0,0.0,0.0,0.0,1.0,37.47395933,126.9673659,,,,,
574,법원단지32길,37.4752297,126.9250411,0.0,0.0,0.0,0.0,0.0,0.0,0.0,0.0,0.0,,,,,
575,남부순환로157길,37.4840811,126.9182083,0.0,0.0,0.0,1.0,1.0,2.0,0.0,0.0,0.0,,,,,
576,신림동길,37.4874258,126.9276303,0.0,0.0,0.0,0.0,0.0,0.0,0.0,0.0,0.0,50.0,50.0,50.0,,
577,봉천로12길,37.4872516,126.9295818,0.0,0.0,0.0,0.0,0.0,0.0,0.0,0.0,0.0,,,,,
578,대학7가길,37.4675129,126.9380861,0.0,0.0,0.0,0.0,0.0,0.0,0.0,0.0,0.0,,,,,
579,낙성대로4가길,37.4766969,126.9584257,0.0,0.0,0.0,0.0,0.0,0.0,0.0,0.0,0.0,,,,,
580,남부순환로234길,37.4768648,126.9565771,0.0,0.0,0.0,0.0,0.0,0.0,5.0,37.47638763,126.95613370000001,25.0,24.0,26.0,,
581,봉천로47길,37.4832534,126.950198,0.0,0.0,0.0,0.0,0.0,0.0,0.0,0.0,0.0,,,,,
582,신원로3나길,37.4816659,126.9264929,0.0,0.0,0.0,0.0,0.0,0.0,0.0,0.0,0.0,,,,,
583,신림로48길,37.4792514,126.9346422,0.0,0.0,1.0,4.0,5.0,10.0,3.0,37.479091,126.93242079999999,20.0,20.0,20.0,,
584,장군봉3길,37.4814341,126.9400474,0.0,0.0,0.0,0.0,0.0,0.0,0.0,0.0,0.0,,,,,
585,은천로28가길,37.4845595,126.95288329999998,0.0,0.0,0.0,0.0,0.0,0.0,0.0,0.0,0.0,,,,,
586,국회단지길,37.48645670000001,126.9400382,0.0,0.0,0.0,0.0,0.0,0.0,4.0,37.48644079,126.9398051,30.0,28.0,32.0,,
587,난곡로47길,37.4764576,126.91428909999998,0.0,0.0,0.0,1.0,2.0,3.0,0.0,0.0,0.0,,,,,
588,인헌1길,37.4749414,126.9677748,0.0,0.0,0.0,0.0,0.0,0.0,1.0,37.47486453,126.97001170000001,,,,,
589,남부순환로248길,37.4733297,126.9662396,0.0,0.0,1.0,3.0,4.0,8.0,0.0,0.0,0.0,23.0,22.0,25.0,,
590,난곡로11가길,37.4636368,126.9172897,0.0,0.0,0.0,0.0,0.0,0.0,0.0,0.0,0.0,,,,,
591,조원로16가길,37.4828569,126.91237549999998,0.0,0.0,0.0,0.0,0.0,0.0,0.0,0.0,0.0,,,,,
592,양녕로6길,37.48357539999999,126.9500377,0.0,0.0,0.0,0.0,0.0,0.0,4.0,37.4869323,126.95841750000001,45.0,42.0,48.0,,
593,신림로46길,37.478631,126.9345764,0.0,0.0,0.0,0.0,0.0,0.0,0.0,0.0,0.0,,,,,
594,남부순환로163다길,37.485356,126.9221034,0.0,0.0,0.0,0.0,0.0,0.0,0.0,0.0,0.0,,,,,
595,남부순환로246길,37.47551110000001,126.9642475,0.0,0.0,0.0,0.0,0.0,0.0,5.0,37.47520347,126.96414709999999,,,,,
596,당곡길,37.4914459,126.928089,0.0,0.0,0.0,0.0,0.0,0.0,1.0,37.49073231,126.92890829999999,23.0,22.0,24.0,,
597,난곡로30가길,37.4710845,126.9209531,0.0,0.0,0.0,0.0,0.0,0.0,0.0,0.0,0.0,,,,,
598,남부순환로145길,37.482552,126.9119695,0.0,0.0,0.0,0.0,0.0,0.0,5.0,37.48207624,126.912218,,,,,
599,행운4길,37.4797765,126.95997520000002,0.0,0.0,0.0,0.0,0.0,0.0,2.0,37.47984474,126.9593811,,,,,
600,봉천로21가길,37.4877927,126.9346885,0.0,0.0,0.0,0.0,0.0,0.0,0.0,0.0,0.0,,,,,
601,쑥고개로3길,37.478279,126.9377851,0.0,0.0,0.0,0.0,0.0,0.0,1.0,37.47815974,126.93896609999999,,,,,
602,남현2길,37.4750938,126.9740906,0.0,0.0,0.0,0.0,0.0,0.0,7.0,37.475028200000004,126.9741416,41.0,38.0,43.0,,
603,신사로16길,37.4882424,126.9164426,0.0,0.0,0.0,0.0,0.0,0.0,0.0,0.0,0.0,,,,,
604,관악로6길,37.477108,126.953242,0.0,0.0,0.0,0.0,0.0,0.0,2.0,37.47587787,126.95358529999999,,,,,
605,난곡로63길,37.4809174,126.9137142,0.0,0.0,0.0,0.0,0.0,0.0,0.0,0.0,0.0,,,,,
606,남부순환로180길,37.4833917,126.93082859999998,0.0,0.0,0.0,0.0,0.0,0.0,0.0,0.0,0.0,,,,,
607,인헌11길,37.4723531,126.9673958,0.0,0.0,0.0,0.0,0.0,0.0,0.0,0.0,0.0,,,,,
608,쑥고개로11길,37.4806658,126.9425301,0.0,0.0,0.0,0.0,0.0,0.0,0.0,0.0,0.0,,,,,
609,국회단지2길,37.4868836,126.9400628,0.0,0.0,0.0,0.0,0.0,0.0,0.0,0.0,0.0,,,,,
610,미성5길,37.4738815,126.9148601,0.0,0.0,1.0,4.0,4.0,9.0,0.0,0.0,0.0,24.0,23.0,25.0,,
611,승방길,37.4722085,126.9776404,0.0,0.0,0.0,1.0,1.0,2.0,0.0,0.0,0.0,26.0,25.0,28.0,별장아파트~과천대로,25.0
612,호암로18길,37.46579910000001,126.9335861,0.0,0.0,0.0,0.0,0.0,0.0,0.0,0.0,0.0,,,,,
613,난곡로42길,37.4758026,126.9170882,0.0,0.0,0.0,0.0,0.0,0.0,0.0,0.0,0.0,,,,,
614,호암로,37.4649202,126.9317364,0.0,0.0,1.0,11.0,11.0,23.0,11.0,37.46469588,126.9315369,,,,산복터널~신림로,165.0
615,낙성대역16길,37.4729836,126.9647486,0.0,0.0,0.0,0.0,0.0,0.0,0.0,0.0,0.0,,,,,
616,관악로11길,37.4783316,126.9477053,0.0,0.0,0.0,0.0,0.0,0.0,0.0,0.0,0.0,,,,,
617,당곡2길,37.491765,126.9310414,0.0,0.0,0.0,0.0,0.0,0.0,1.0,37.49274898,126.9350922,,,,,
618,난우10길,37.4763959,126.9201487,0.0,0.0,0.0,0.0,0.0,0.0,3.0,37.476123,126.9187626,,,,,
619,남부순환로247다길,37.4777458,126.9654135,0.0,0.0,0.0,0.0,0.0,0.0,1.0,37.47844302,126.9645338,,,,,
620,남부순환로202길,37.4827134,126.9387367,0.0,0.0,0.0,0.0,0.0,0.0,0.0,0.0,0.0,,,,,
621,쑥고개로21길,37.4798446,126.9483571,0.0,0.0,0.0,0.0,0.0,0.0,0.0,0.0,0.0,,,,,
622,신림로39길,37.4766226,126.935493,0.0,0.0,0.0,0.0,0.0,0.0,0.0,0.0,0.0,,,,,
623,행운1나길,37.4824294,126.9558044,0.0,0.0,0.0,0.0,0.0,0.0,1.0,37.48204993,126.95539840000002,,,,,
624,남부순환로247나길,37.4782523,126.9644745,0.0,0.0,0.0,0.0,0.0,0.0,0.0,0.0,0.0,,,,,
625,남부순환로200나길,37.4831331,126.9361175,0.0,0.0,0.0,0.0,0.0,0.0,0.0,0.0,0.0,,,,,
626,남부순환로244길,37.47642620000001,126.96317659999998,0.0,0.0,0.0,0.0,0.0,0.0,0.0,0.0,0.0,,,,,
627,남부순환로168가길,37.4812201,126.9252182,0.0,0.0,0.0,0.0,0.0,0.0,0.0,0.0,0.0,,,,,
628,법원단지34길,37.4750646,126.92564070000002,0.0,0.0,0.0,0.0,0.0,0.0,0.0,0.0,0.0,,,,,
629,봉천로20길,37.486174,126.9325347,0.0,0.0,0.0,0.0,0.0,0.0,0.0,0.0,0.0,,,,,
630,난곡로35다길,37.4718256,126.9186672,0.0,0.0,0.0,0.0,0.0,0.0,0.0,0.0,0.0,,,,,
631,남부순환로161나길,37.4856498,126.9207775,0.0,0.0,0.0,0.0,0.0,0.0,0.0,0.0,0.0,,,,,
632,당곡6라길,37.49382070000001,126.9300977,0.0,0.0,0.0,0.0,0.0,0.0,0.0,0.0,0.0,,,,,
633,국회단지7길,37.4885258,126.9396887,0.0,0.0,0.0,0.0,0.0,0.0,0.0,0.0,0.0,,,,,
634,봉천로21나길,37.4891182,126.9357486,0.0,0.0,0.0,0.0,0.0,0.0,0.0,0.0,0.0,,,,,
635,관천로16길,37.4875566,126.9254985,0.0,0.0,0.0,0.0,0.0,0.0,0.0,0.0,0.0,,,,,
636,조원로31길,37.4876864,126.9193759,0.0,0.0,0.0,0.0,0.0,0.0,5.0,37.48817468,126.91910530000001,,,,,
637,법원단지5가길,37.47461679999999,126.9199369,0.0,0.0,0.0,0.0,0.0,0.0,0.0,0.0,0.0,,,,,
638,복은4길,37.4733287,126.9384367,0.0,0.0,0.0,1.0,1.0,2.0,0.0,0.0,0.0,,,,,
639,양산길,37.4737542,126.9322752,0.0,0.0,0.0,0.0,0.0,0.0,1.0,37.47369949,126.93265829999999,19.0,20.0,18.0,,
640,당곡2가길,37.4914875,126.93034009999998,0.0,0.0,0.0,0.0,0.0,0.0,6.0,37.49157053,126.93014869999999,,,,,
641,조원로13길,37.48508320000001,126.9112789,0.0,0.0,0.0,4.0,6.0,10.0,0.0,0.0,0.0,,,,,
642,남현길,37.4740889,126.9765237,0.0,0.0,1.0,4.0,5.0,10.0,8.0,37.47253163,126.974772,32.0,30.0,35.0,공원~선양부동산,9.0
643,양녕로1가길,37.48414870000001,126.94607340000002,0.0,0.0,0.0,0.0,0.0,0.0,0.0,0.0,0.0,,,,,
644,난곡로41길,37.4754732,126.91562009999998,0.0,0.0,0.0,0.0,0.0,0.0,0.0,0.0,0.0,,,,,
645,법원단지5길,37.476305,126.9212629,0.0,0.0,0.0,0.0,0.0,0.0,0.0,0.0,0.0,,,,,
646,난향9길,37.4610071,126.9149559,0.0,0.0,0.0,0.0,0.0,0.0,0.0,0.0,0.0,,,,,
647,보라매로6길,37.49263300000001,126.9271709,0.0,0.0,1.0,3.0,4.0,8.0,1.0,37.49270307,126.929432,,,,,
648,미성1길,37.4740728,126.916999,0.0,0.0,0.0,0.0,0.0,0.0,0.0,0.0,0.0,,,,,
649,양지17길,37.4690726,126.9309169,0.0,0.0,0.0,0.0,0.0,0.0,0.0,0.0,0.0,,,,,
650,문성로,37.4795198,126.9265933,0.0,0.0,1.0,5.0,5.0,11.0,6.0,37.47908211,126.9265092,,,,신림1교~미성초교,100.0
651,행운2길,37.4789296,126.9609193,0.0,1.0,2.0,4.0,2.0,9.0,0.0,0.0,0.0,,,,,
652,난곡로74길,37.4864031,126.9174151,0.0,0.0,0.0,0.0,0.0,0.0,0.0,0.0,0.0,27.0,26.0,28.0,,
653,양지1길,37.4712344,126.93225490000002,0.0,0.0,0.0,0.0,0.0,0.0,0.0,0.0,0.0,,,,,
654,청림3다길,37.4905745,126.9572537,0.0,0.0,0.0,0.0,0.0,0.0,4.0,37.49019114,126.9578807,,,,,
655,은천로25길,37.4878211,126.949175,0.0,0.0,1.0,5.0,2.0,8.0,4.0,37.48909092,126.94862340000002,21.0,19.0,23.0,,
656,난곡로24가길,37.4694063,126.9234758,0.0,0.0,1.0,1.0,0.0,2.0,0.0,0.0,0.0,,,,,
657,관천로24길,37.4891794,126.9229981,0.0,0.0,2.0,7.0,9.0,18.0,1.0,37.48879234,126.92241920000001,,,,,
658,관천로11길,37.4844997,126.92314109999998,0.0,0.0,0.0,0.0,0.0,0.0,10.0,37.48433352,126.92422260000001,,,,,
659,법원단지5나길,37.47515720000001,126.920126,0.0,0.0,0.0,0.0,0.0,0.0,4.0,37.47739069,126.92271799999999,,,,,
660,난곡로26다길,37.46989960000001,126.9245716,0.0,0.0,0.0,0.0,0.0,0.0,0.0,0.0,0.0,,,,,
661,남부순환로249길,37.4762381,126.9675692,0.0,0.0,0.0,0.0,0.0,0.0,0.0,0.0,0.0,,,,,
662,난곡로24길,37.46955910000001,126.9206879,0.0,0.0,0.0,0.0,0.0,0.0,0.0,0.0,0.0,14.0,13.0,14.0,,
663,난향12길,37.4634994,126.9159031,0.0,0.0,0.0,0.0,0.0,0.0,0.0,0.0,0.0,,,,,
664,신원로,37.4807927,126.9276026,0.0,0.0,1.0,8.0,9.0,18.0,0.0,0.0,0.0,,,,,
665,신림로,37.4777395,126.935383,0.0,0.0,8.0,35.0,52.0,95.0,3.0,37.46995749,126.9414749,,,,서울대정문~당곡사거리,223.0
666,중앙길,37.4851551,126.9506624,0.0,0.0,0.0,0.0,0.0,0.0,5.0,37.48558297,126.95040549999999,48.0,45.0,52.0,,
667,난우16길,37.4778751,126.9186417,0.0,0.0,0.0,0.0,0.0,0.0,0.0,0.0,0.0,,,,,
668,행운1다길,37.4825234,126.9566844,0.0,0.0,0.0,0.0,0.0,0.0,0.0,0.0,0.0,,,,,
669,봉천로4길,37.487419,126.9238735,0.0,0.0,0.0,0.0,0.0,0.0,0.0,0.0,0.0,,,,,
670,신림로36길,37.4760131,126.9382381,0.0,0.0,0.0,0.0,0.0,0.0,5.0,37.47598183,126.9387483,,,,,
671,관천로10길,37.4853972,126.9263353,0.0,0.0,0.0,0.0,0.0,0.0,0.0,0.0,0.0,,,,,
672,봉천로41길,37.483756,126.9481313,0.0,0.0,0.0,0.0,0.0,0.0,12.0,37.48438675,126.94847490000001,,,,,
673,관천로26길,37.4893464,126.9257465,0.0,0.0,0.0,0.0,0.0,0.0,0.0,0.0,0.0,,,,,
674,원신11길,37.4602799,126.92965259999998,0.0,0.0,0.0,0.0,0.0,0.0,0.0,0.0,0.0,,,,,
675,청룡12길,37.47791220000001,126.9439417,0.0,0.0,0.0,0.0,0.0,0.0,1.0,37.47777622,126.94477409999999,,,,,
676,은천로35라길,37.4880561,126.9531427,0.0,0.0,0.0,0.0,0.0,0.0,0.0,0.0,0.0,,,,,
677,신림로23길,37.4668677,126.9344794,0.0,0.0,0.0,1.0,1.0,2.0,0.0,0.0,0.0,,,,,
678,법원단지24길,37.4744739,126.9237477,0.0,0.0,0.0,0.0,0.0,0.0,0.0,0.0,0.0,,,,,
679,청림3가길,37.4898425,126.9594972,0.0,0.0,0.0,0.0,0.0,0.0,0.0,0.0,0.0,,,,,
680,은천로19길,37.4885771,126.9478381,0.0,0.0,0.0,0.0,0.0,0.0,0.0,0.0,0.0,,,,,
681,청림3나길,37.4892501,126.9582005,0.0,0.0,0.0,0.0,0.0,0.0,0.0,0.0,0.0,,,,,
682,원신4길,37.4686813,126.9316706,0.0,0.0,0.0,0.0,0.0,0.0,0.0,0.0,0.0,,,,,
683,관천로,37.4844078,126.9250781,0.0,0.0,1.0,1.0,1.0,3.0,0.0,0.0,0.0,,,,신림1교~도림교,90.0
684,청림3마길,37.49074570000001,126.9580403,0.0,0.0,0.0,0.0,0.0,0.0,0.0,0.0,0.0,,,,,
685,난곡로72길,37.4853651,126.9145727,0.0,0.0,0.0,0.0,0.0,0.0,0.0,0.0,0.0,,,,,
686,청림5가길,37.4894285,126.9592867,0.0,0.0,0.0,0.0,0.0,0.0,0.0,0.0,0.0,,,,,
687,인헌6길,37.47386470000001,126.9652245,0.0,0.0,2.0,4.0,2.0,8.0,0.0,0.0,0.0,,,,,
688,문성로38다길,37.4758411,126.929027,0.0,0.0,0.0,0.0,0.0,0.0,3.0,37.47576071,126.9300956,,,,,
689,양녕로,37.4906794,126.9453371,0.0,0.0,4.0,13.0,11.0,28.0,4.0,37.48858059,126.9463223,,,,동작구 경계 ~ 구암초교 앞,83.0
690,신림로7나길,37.4697398,126.9410905,0.0,0.0,0.0,0.0,0.0,0.0,0.0,0.0,0.0,,,,,
691,난곡로59길,37.4798305,126.912253,0.0,0.0,0.0,0.0,0.0,0.0,0.0,0.0,0.0,,,,,
692,문성로38라길,37.4755498,126.92905729999998,0.0,0.0,0.0,0.0,0.0,0.0,4.0,37.47549427,126.9292398,,,,,
693,난곡로24바길,37.4680322,126.9218662,0.0,0.0,0.0,0.0,0.0,0.0,0.0,0.0,0.0,,,,,
694,난곡로20길,37.46841129999999,126.9207482,0.0,0.0,0.0,0.0,0.0,0.0,0.0,0.0,0.0,,,,,
695,신림로14길,37.471615,126.9385547,0.0,0.0,0.0,0.0,0.0,0.0,0.0,0.0,0.0,,,,,
696,남부순환로155길,37.484081,126.9177953,0.0,0.0,0.0,0.0,0.0,0.0,0.0,0.0,0.0,,,,,
697,남부순환로144길,37.4797229,126.9128838,0.0,0.0,0.0,0.0,0.0,0.0,6.0,37.47856822,126.9141232,,,,,
698,난곡로77길,37.4859903,126.9129233,0.0,0.0,0.0,0.0,0.0,0.0,0.0,0.0,0.0,,,,,
699,청림3길,37.4889141,126.95950829999998,0.0,0.0,0.0,11.0,4.0,15.0,5.0,37.48979825,126.9585229,29.0,28.0,31.0,,
700,남부순환로165길,37.4851852,126.9231028,0.0,0.0,0.0,0.0,0.0,0.0,0.0,0.0,0.0,,,,,
701,남부순환로239길,37.4784547,126.9611422,0.0,0.0,0.0,0.0,0.0,0.0,0.0,0.0,0.0,,,,,
702,청림5나길,37.4900945,126.95938909999998,0.0,0.0,0.0,0.0,0.0,0.0,0.0,0.0,0.0,,,,,
703,봉천로13길,37.4912237,126.9321365,0.0,0.0,0.0,1.0,1.0,2.0,4.0,37.48987118,126.93068999999998,27.0,26.0,28.0,,
704,봉천로33가길,37.4847176,126.9445998,0.0,0.0,0.0,0.0,0.0,0.0,1.0,37.48472219,126.9448623,,,,,
705,문성로25길,37.4796261,126.9251691,0.0,0.0,0.0,0.0,0.0,0.0,0.0,0.0,0.0,,,,,
706,신림로3가길,37.46875470000001,126.9426846,0.0,0.0,0.0,6.0,7.0,13.0,6.0,37.46889528,126.9420767,,,,,
707,남부순환로,37.4776787,126.9630787,0.0,2.0,23.0,106.0,132.0,263.0,0.0,0.0,0.0,,,,사당역~시흥IC,494.0
708,난곡로43길,37.47586939999999,126.9150164,0.0,0.0,0.0,0.0,0.0,0.0,1.0,37.47566349,126.91483999999998,,,,,
709,복은10길,37.4743273,126.941782,0.0,0.0,0.0,0.0,0.0,0.0,0.0,0.0,0.0,,,,,
710,청림5길,37.4915328,126.960046,0.0,0.0,0.0,2.0,3.0,5.0,5.0,37.48923401,126.9597499,,,,,
711,관천로25길,37.4881285,126.9199535,0.0,0.0,0.0,0.0,0.0,0.0,0.0,0.0,0.0,,,,,
712,남부순환로200길,37.48385070000001,126.9373787,0.0,0.0,0.0,0.0,0.0,0.0,0.0,0.0,0.0,,,,,
713,쑥고개로,37.4791479,126.9451607,0.0,0.0,1.0,6.0,2.0,9.0,0.0,0.0,0.0,,,,관악구청~신림2교,71.0
714,서림길,37.4731242,126.9390447,0.0,0.0,0.0,0.0,0.0,0.0,3.0,37.47447203,126.93821820000001,,,,,
715,신림동1길,37.4867826,126.9283529,0.0,0.0,1.0,1.0,1.0,3.0,0.0,0.0,0.0,,,,,
716,쑥고개로2다길,37.476263,126.9408818,0.0,0.0,0.0,0.0,0.0,0.0,5.0,37.47627005,126.9396876,,,,,
717,남부순환로246라길,37.4743549,126.9644738,0.0,0.0,0.0,0.0,0.0,0.0,2.0,37.47464617,126.9637102,,,,,
718,난곡로49길,37.4771081,126.91485520000002,0.0,0.0,0.0,0.0,0.0,0.0,0.0,0.0,0.0,,,,,
720,봉천로,37.4858667,126.93740859999998,0.0,0.0,2.0,16.0,9.0,27.0,17.0,37.47858449,126.95556090000002,,,,인헌동~원당초교,46.0
721,대학14길,37.4658863,126.9356011,0.0,0.0,0.0,0.0,0.0,0.0,0.0,0.0,0.0,24.0,29.0,19.0,,
722,낙성대로,37.4773368,126.9597469,0.0,0.0,0.0,2.0,2.0,4.0,18.0,37.47726713,126.95913359999999,,,,남부순환로 ~ 서울대후문,61.0
723,봉천로23다길,37.4880607,126.9375953,0.0,0.0,0.0,3.0,4.0,7.0,0.0,0.0,0.0,,,,,
724,양지5길,37.4722262,126.9303903,0.0,0.0,0.0,0.0,0.0,0.0,0.0,0.0,0.0,,,,,
725,남부순환로161길,37.4844289,126.9196939,0.0,0.0,0.0,0.0,0.0,0.0,5.0,37.48520867,126.91877099999999,29.0,28.0,30.0,,
726,관악로14가길,37.4759646,126.9551695,0.0,0.0,0.0,0.0,0.0,0.0,7.0,37.47552157,126.95506950000001,,,,,
727,남현4길,37.4749487,126.9756131,0.0,0.0,0.0,0.0,0.0,0.0,6.0,37.47501374,126.9751543,,,,,
728,법원단지31길,37.4763516,126.9240444,0.0,0.0,0.0,0.0,0.0,0.0,0.0,0.0,0.0,,,,,
729,약수암길,37.4602216,126.9320074,0.0,0.0,0.0,0.0,0.0,0.0,4.0,37.46100702,126.9322949,,,,,
730,신림로48가길,37.4794191,126.9325191,0.0,0.0,0.0,0.0,0.0,0.0,0.0,0.0,0.0,,,,,
731,법원단지30길,37.4748069,126.9252217,0.0,0.0,0.0,0.0,0.0,0.0,0.0,0.0,0.0,,,,,
732,국회단지22길,37.4905975,126.9424738,0.0,0.0,0.0,0.0,0.0,0.0,0.0,0.0,0.0,,,,,
733,당곡6다길,37.4935134,126.9296338,0.0,0.0,0.0,0.0,0.0,0.0,0.0,0.0,0.0,,,,,
734,미성7길,37.47446779999999,126.9152242,0.0,0.0,0.0,2.0,2.0,4.0,5.0,37.47427194,126.9136535,,,,,
735,남부순환로170길,37.4821833,126.9244716,0.0,0.0,0.0,0.0,0.0,0.0,4.0,37.48268497,126.9245925,,,,,
736,서림3길,37.4721461,126.9414461,0.0,0.0,0.0,0.0,0.0,0.0,2.0,37.47250207,126.94046540000001,,,,,
737,난곡로16길,37.4668984,126.9215119,0.0,0.0,0.0,1.0,0.0,1.0,0.0,0.0,0.0,,,,,
738,행운8길,37.4819183,126.9612697,0.0,0.0,0.0,0.0,0.0,0.0,0.0,0.0,0.0,,,,,
739,남부순환로192길,37.4836027,126.9346895,0.0,0.0,0.0,0.0,0.0,0.0,1.0,37.4769122,126.93552240000001,,,,,
740,시흥대로158가길,37.4806345,126.9004555,0.0,0.0,0.0,0.0,0.0,0.0,0.0,0.0,0.0,,,,,
741,남부순환로143가길,37.4825111,126.9093434,0.0,0.0,0.0,0.0,0.0,0.0,0.0,0.0,0.0,,,,,
742,남부순환로153길,37.4843969,126.9157322,0.0,0.0,0.0,0.0,0.0,0.0,0.0,0.0,0.0,,,,,
743,행운6길,37.4809167,126.9603577,0.0,0.0,0.0,0.0,0.0,0.0,0.0,0.0,0.0,,,,,
744,양지길,37.4714708,126.9303524,0.0,0.0,0.0,2.0,3.0,5.0,2.0,37.47144924,126.93125220000002,21.0,22.0,19.0,,
745,남부순환로226길,37.47948570000001,126.9545494,0.0,0.0,0.0,0.0,0.0,0.0,0.0,0.0,0.0,,,,,
746,낙성대로15길,37.4674435,126.96336,0.0,0.0,1.0,3.0,3.0,7.0,0.0,0.0,0.0,,,,서울대교수아파트~인헌아파트,24.0
747,원신3길,37.4691401,126.93222620000002,0.0,0.0,0.0,0.0,0.0,0.0,0.0,0.0,0.0,,,,,
748,난곡로26가길,37.47065870000001,126.9212001,0.0,0.0,0.0,0.0,0.0,0.0,0.0,0.0,0.0,,,,,
749,장군봉1길,37.4819565,126.9412799,0.0,0.0,0.0,0.0,0.0,0.0,0.0,0.0,0.0,33.0,33.0,34.0,,
750,봉천로21길,37.4912584,126.9345612,0.0,0.0,0.0,0.0,0.0,0.0,1.0,37.48996775,126.9342732,,,,,
751,문성로16나길,37.4751891,126.9136229,0.0,0.0,0.0,1.0,2.0,3.0,0.0,0.0,0.0,,,,,
752,난우12길,37.4768888,126.91858729999998,0.0,0.0,0.0,0.0,0.0,0.0,2.0,37.4770987,126.91833340000001,,,,,
753,남부순환로168나길,37.4804976,126.9252229,0.0,0.0,0.0,0.0,0.0,0.0,0.0,0.0,0.0,,,,,
754,중앙1나길,37.4834258,126.9531172,0.0,0.0,0.0,0.0,0.0,0.0,0.0,0.0,0.0,,,,,
755,난곡로35마길,37.4710438,126.9182302,0.0,0.0,0.0,0.0,0.0,0.0,0.0,0.0,0.0,,,,,
756,관천로22길,37.4885101,126.9237608,0.0,0.0,0.0,0.0,0.0,0.0,2.0,37.48860748,126.925629,36.0,36.0,37.0,,
757,은천로35나길,37.4870034,126.953115,0.0,0.0,0.0,0.0,0.0,0.0,0.0,0.0,0.0,,,,,
758,미성길,37.47471470000001,126.9160034,0.0,0.0,1.0,3.0,4.0,8.0,4.0,37.47188111,126.91207849999999,,,,,
759,은천로2길,37.48577570000001,126.9379775,0.0,0.0,0.0,7.0,0.0,7.0,0.0,0.0,0.0,,,,,
760,관악로10길,37.476602,126.9546048,0.0,0.0,0.0,0.0,0.0,0.0,0.0,0.0,0.0,31.0,30.0,32.0,,
761,청룡9길,37.4782174,126.9464071,0.0,0.0,0.0,0.0,0.0,0.0,1.0,37.4787465,126.9464696,,,,,
762,복은14길,37.4747316,126.9426268,0.0,0.0,0.0,0.0,0.0,0.0,0.0,0.0,0.0,,,,,
763,난곡로15길,37.4671088,126.919812,0.0,0.0,0.0,0.0,0.0,0.0,0.0,0.0,0.0,,,,,
764,신림동5나길,37.48572070000001,126.9263746,0.0,0.0,0.0,0.0,0.0,0.0,0.0,0.0,0.0,,,,,
765,조원로19길,37.4849347,126.9121149,0.0,0.0,0.0,0.0,0.0,0.0,0.0,0.0,0.0,,,,,
766,인헌길,37.4738374,126.9671317,0.0,0.0,0.0,8.0,0.0,8.0,6.0,37.46909557,126.96996299999999,23.0,21.0,25.0,,
767,신사로,37.48581420000001,126.911514,0.0,0.0,0.0,0.0,0.0,0.0,0.0,0.0,0.0,,,,도림교~시흥대로,80.0
768,원신2길,37.469961700000006,126.9317656,0.0,0.0,0.0,0.0,0.0,0.0,0.0,0.0,0.0,,,,,
769,남부순환로184가길,37.4834787,126.9329173,0.0,0.0,0.0,0.0,0.0,0.0,0.0,0.0,0.0,,,,,
770,난곡로16가길,37.4664461,126.9209903,0.0,0.0,0.0,0.0,0.0,0.0,0.0,0.0,0.0,,,,,
771,인헌1다길,37.4738045,126.9701047,0.0,0.0,0.0,0.0,0.0,0.0,0.0,0.0,0.0,,,,,
772,조원로6길,37.4822831,126.9044827,0.0,0.0,0.0,0.0,0.0,0.0,6.0,37.48269142,126.90471459999999,,,,,
773,봉천로49나길,37.483279,126.9495903,0.0,0.0,0.0,0.0,0.0,0.0,0.0,0.0,0.0,,,,,
774,관악로12길,37.4785076,126.9527142,0.0,0.0,0.0,0.0,0.0,0.0,0.0,0.0,0.0,,,,,
775,은천로5길,37.4878864,126.9386851,0.0,0.0,0.0,3.0,4.0,7.0,0.0,0.0,0.0,,,,,
776,조원로,37.4859841,126.9206272,0.0,0.0,0.0,0.0,0.0,0.0,0.0,0.0,0.0,,,,시흥대로 ~ 도림천,62.0
777,난곡로,37.4676535,126.920958,0.0,0.0,4.0,23.0,30.0,57.0,13.0,37.47198482,126.91998240000001,,,,신대방역~호암길,271.0
778,봉천로33길,37.4849533,126.9441525,0.0,0.0,0.0,0.0,0.0,0.0,0.0,0.0,0.0,41.0,38.0,43.0,,
779,관천로18길,37.48789179999999,126.9249171,0.0,0.0,0.0,6.0,8.0,14.0,0.0,0.0,0.0,,,,,
780,문성로16길,37.4759489,126.9134375,0.0,0.0,0.0,1.0,1.0,2.0,9.0,37.47486426,126.91319140000002,,,,,
781,시흥대로,37.4819832,126.9010909,0.0,0.0,0.0,3.0,3.0,6.0,0.0,0.0,0.0,,,,구로공단역- 시흥IC,57.0
782,문성로38길,37.4777333,126.9308131,0.0,0.0,0.0,0.0,0.0,0.0,1.0,37.47640722,126.9289281,,,,,
783,봉천로45길,37.483947,126.94942009999998,0.0,0.0,0.0,0.0,0.0,0.0,0.0,0.0,0.0,,,,,
784,시흥대로160길,37.4799755,126.9020376,0.0,0.0,0.0,0.0,0.0,0.0,0.0,0.0,0.0,,,,,
785,봉천로23라길,37.4883074,126.9366388,0.0,0.0,0.0,0.0,0.0,0.0,0.0,0.0,0.0,,,,,
786,봉천로13나길,37.490193,126.932581,0.0,0.0,0.0,0.0,0.0,0.0,0.0,0.0,0.0,,,,,
787,원신9길,37.46033370000001,126.928857,0.0,0.0,0.0,0.0,0.0,0.0,1.0,37.46122913,126.9294463,,,,,
788,관천로19길,37.4868266,126.9171723,0.0,0.0,0.0,0.0,0.0,0.0,0.0,0.0,0.0,,,,,
789,남부순환로228길,37.4772176,126.9541219,0.0,0.0,0.0,0.0,0.0,0.0,0.0,0.0,0.0,,,,,
790,문성로28길,37.4785764,126.9277937,0.0,0.0,0.0,0.0,0.0,0.0,4.0,37.4786946,126.92728980000001,,,,,
791,원신6길,37.4672775,126.9312949,0.0,0.0,0.0,0.0,0.0,0.0,0.0,0.0,0.0,,,,,
792,청룡2길,37.4814753,126.9454709,0.0,0.0,0.0,0.0,0.0,0.0,4.0,37.48123833,126.94409540000001,,,,,
793,조원로17길,37.48480120000001,126.9113739,0.0,0.0,0.0,0.0,0.0,0.0,0.0,0.0,0.0,,,,,
794,조원로14길,37.4822146,126.910157,0.0,0.0,0.0,1.0,2.0,3.0,0.0,0.0,0.0,,,,,
795,대학7길,37.4685545,126.9392357,0.0,0.0,0.0,1.0,2.0,3.0,9.0,37.46853617,126.9400508,,,,,
796,남부순환로260길,37.4755525,126.9737874,0.0,0.0,0.0,1.0,1.0,2.0,9.0,37.47450691,126.97237340000002,,,,,
797,양산2길,37.4744339,126.9314611,0.0,0.0,0.0,0.0,0.0,0.0,0.0,0.0,0.0,,,,,
798,참숯길,37.4788685,126.9423417,0.0,0.0,0.0,0.0,0.0,0.0,0.0,0.0,0.0,,,,,
799,한솔길,37.477673,126.9428143,0.0,0.0,0.0,0.0,0.0,0.0,0.0,0.0,0.0,,,,,
800,난곡로66가길,37.4835221,126.9148062,0.0,0.0,0.0,0.0,0.0,0.0,3.0,37.48378568,126.9147304,,,,,
801,조원로18길,37.48342750000001,126.912571,0.0,0.0,0.0,0.0,0.0,0.0,0.0,0.0,0.0,25.0,25.0,26.0,,
802,신원로3길,37.4830454,126.926107,0.0,0.0,0.0,0.0,0.0,0.0,0.0,0.0,0.0,44.0,43.0,45.0,,
803,조원중앙로1길,37.480287,126.9024134,0.0,0.0,0.0,0.0,1.0,1.0,0.0,0.0,0.0,,,,,
804,당곡4길,37.4915224,126.928985,0.0,0.0,0.0,0.0,0.0,0.0,0.0,0.0,0.0,,,,,
805,청룡10길,37.4789249,126.9452895,0.0,0.0,0.0,5.0,6.0,11.0,0.0,0.0,0.0,,,,,
806,남현1길,37.47536820000001,126.981496,0.0,0.0,1.0,3.0,2.0,6.0,0.0,0.0,0.0,,,,,
807,난곡로76길,37.48636629999999,126.914301,0.0,0.0,0.0,0.0,0.0,0.0,0.0,0.0,0.0,,,,,
808,서림6길,37.4729317,126.938472,0.0,0.0,0.0,0.0,0.0,0.0,0.0,0.0,0.0,,,,,
809,은천로30길,37.4856154,126.9515443,0.0,0.0,0.0,0.0,0.0,0.0,0.0,0.0,0.0,,,,,
810,난곡로55길,37.479031,126.9134773,0.0,0.0,0.0,0.0,0.0,0.0,0.0,0.0,0.0,,,,,
811,복은6길,37.4740521,126.9400562,0.0,0.0,0.0,0.0,0.0,0.0,0.0,0.0,0.0,,,,,
812,쑥고개로16길,37.478189,126.9442943,0.0,0.0,0.0,0.0,0.0,0.0,0.0,0.0,0.0,,,,,
813,대학12길,37.4657442,126.9363141,0.0,0.0,0.0,0.0,0.0,0.0,0.0,0.0,0.0,,,,,
814,관천로12길,37.4859268,126.9258274,0.0,0.0,0.0,0.0,0.0,0.0,0.0,0.0,0.0,,,,,
815,인헌21길,37.46999279999999,126.9694391,0.0,0.0,0.0,0.0,0.0,0.0,0.0,0.0,0.0,,,,,
816,신원로3가길,37.4807819,126.9271744,0.0,0.0,0.0,0.0,0.0,0.0,0.0,0.0,0.0,,,,,
817,양녕로1길,37.4834344,126.9460461,0.0,0.0,0.0,0.0,0.0,0.0,0.0,0.0,0.0,,,,,
818,쑥고개로2가길,37.476803,126.9403667,0.0,0.0,0.0,0.0,0.0,0.0,0.0,0.0,0.0,,,,,
819,인헌1가길,37.4731435,126.9685609,0.0,0.0,0.0,0.0,0.0,0.0,0.0,0.0,0.0,,,,,
820,원신길,37.4717709,126.9328736,0.0,0.0,0.0,0.0,0.0,0.0,0.0,0.0,0.0,15.0,16.0,14.0,동마아파트 ~ 원신길,12.0
821,대학길,37.4678486,126.9374561,0.0,0.0,0.0,1.0,1.0,2.0,0.0,0.0,0.0,35.0,42.0,27.0,,
822,장군봉길,37.4805054,126.9396792,0.0,0.0,0.0,1.0,1.0,2.0,4.0,37.48147121,126.9366716,,,,,
823,청룡3길,37.4808649,126.9466884,0.0,0.0,0.0,0.0,0.0,0.0,0.0,0.0,0.0,,,,,
824,신림로66길,37.485857,126.9330935,0.0,0.0,1.0,2.0,1.0,4.0,0.0,0.0,0.0,,,,,
825,은천로,37.4870253,126.9445778,1.0,1.0,3.0,15.0,14.0,34.0,8.0,37.48634056,126.9360757,,,,은천길삼거리~은천길입구삼거리,124.0
826,장군봉9길,37.4800339,126.9394998,0.0,0.0,0.0,0.0,0.0,0.0,0.0,0.0,0.0,,,,,
827,남부순환로231길,37.4812437,126.9585897,0.0,0.0,0.0,0.0,0.0,0.0,0.0,0.0,0.0,,,,,
828,법원단지26길,37.4741198,126.9248517,0.0,0.0,0.0,0.0,0.0,0.0,0.0,0.0,0.0,,,,,
829,대학2길,37.4699854,126.9367354,0.0,0.0,0.0,0.0,0.0,0.0,0.0,0.0,0.0,,,,,
830,문성로29길,37.4800187,126.9275126,0.0,0.0,0.0,0.0,0.0,0.0,0.0,0.0,0.0,,,,,
831,신림로56길,37.48140520000001,126.9310349,0.0,0.0,0.0,0.0,0.0,0.0,0.0,0.0,0.0,,,,,
832,남부순환로190길,37.482898,126.9340022,0.0,0.0,0.0,0.0,0.0,0.0,0.0,0.0,0.0,,,,,
833,남부순환로163가길,37.4842548,126.9212575,0.0,0.0,0.0,0.0,0.0,0.0,2.0,37.48483226,126.9207072,,,,,
834,남부순환로194길,37.4815723,126.9337085,0.0,0.0,0.0,3.0,3.0,6.0,1.0,37.48135937,126.9346588,,,,,
835,신림로59길,37.4832655,126.9293,0.0,0.0,0.0,2.0,1.0,3.0,0.0,0.0,0.0,,,,,
836,난곡로9길,37.4638391,126.9176225,0.0,0.0,0.0,0.0,0.0,0.0,1.0,37.46374444,126.9178135,,,,,
837,은천로15길,37.4870936,126.9439972,0.0,0.0,0.0,7.0,8.0,15.0,0.0,0.0,0.0,,,,,
838,관악로,37.4901936,126.9572152,1.0,1.0,13.0,69.0,75.0,159.0,12.0,37.47558679,126.9518496,,,,서울대정문~봉천고개,215.0
839,난곡로26길,37.4701068,126.9233302,0.0,0.0,0.0,0.0,0.0,0.0,8.0,37.46823737,126.9264493,19.0,18.0,20.0,,
840,복은길,37.4744216,126.9368006,0.0,0.0,0.0,0.0,0.0,0.0,0.0,0.0,0.0,28.0,30.0,25.0,,
841,봉천로35길,37.4841436,126.9452858,0.0,0.0,0.0,0.0,0.0,0.0,0.0,0.0,0.0,,,,,
842,국회단지4길,37.4874018,126.94133329999998,0.0,0.0,0.0,0.0,0.0,0.0,0.0,0.0,0.0,,,,,
843,보라매로5가길,0.0,0.0,0.0,0.0,0.0,8.0,0.0,8.0,0.0,0.0,0.0,,,,,
844,대학동210,0.0,0.0,0.0,0.0,0.0,0.0,0.0,0.0,7.0,37.46831654,126.9456034,,,,,
845,청룡동산151-139,0.0,0.0,0.0,0.0,0.0,0.0,0.0,0.0,3.0,37.47969721,126.93720320000001,,,,,
846,난곡동산90-2,0.0,0.0,0.0,0.0,0.0,0.0,0.0,0.0,1.0,37.4667325,126.9237165,,,,,
847,남현동산65,0.0,0.0,0.0,0.0,0.0,0.0,0.0,0.0,1.0,37.46985456,126.9778824,,,,,
848,대학동산56-2,0.0,0.0,0.0,0.0,0.0,0.0,0.0,0.0,1.0,37.45641695,126.9461288,,,,,
849,미성동산117-3,0.0,0.0,0.0,0.0,0.0,0.0,0.0,0.0,2.0,37.46924978,126.9126727,,,,,
850,미성동산197-31,0.0,0.0,0.0,0.0,0.0,0.0,0.0,0.0,2.0,37.48097851,126.916495,,,,,
851,보라매동산118-6,0.0,0.0,0.0,0.0,0.0,0.0,0.0,0.0,1.0,37.49183062,126.93626129999998,,,,,
852,은천동산103-3,0.0,0.0,0.0,0.0,0.0,0.0,0.0,0.0,1.0,37.49202819,126.9402673,,,,,
853,성현동산1718-9,0.0,0.0,0.0,0.0,0.0,0.0,0.0,0.0,1.0,37.49312281,126.94530759999999,,,,,
854,청룡동산175-6,0.0,0.0,0.0,0.0,0.0,0.0,0.0,0.0,2.0,37.47472773,126.9493561,,,,,
855,청룡동산175-27,0.0,0.0,0.0,0.0,0.0,0.0,0.0,0.0,2.0,37.47521741,126.95156440000001,,,,,
856,청룡동556-91,0.0,0.0,0.0,0.0,0.0,0.0,0.0,0.0,2.0,37.47727121,126.9493785,,,,,
857,관악산공원,0.0,0.0,0.0,0.0,0.0,0.0,0.0,0.0,1.0,37.4666724,126.9470937,,,,,
858,관악산공원호수공원,0.0,0.0,0.0,0.0,0.0,0.0,0.0,0.0,2.0,37.45853189,126.946999,,,,,
859,대학동208,0.0,0.0,0.0,0.0,0.0,0.0,0.0,0.0,1.0,37.46685449,126.9443101,,,,,
860,대학길129,0.0,0.0,0.0,0.0,0.0,0.0,0.0,0.0,2.0,37.46499971,126.93847199999999,,,,,
861,삼성동1713-6,0.0,0.0,0.0,0.0,0.0,0.0,0.0,0.0,1.0,37.46331438,126.9272212,,,,,
862,보라매동산104-9,0.0,0.0,0.0,0.0,0.0,0.0,0.0,0.0,3.0,37.48890915,126.9381012,,,,,
863,남부순환로1561-1,0.0,0.0,0.0,0.0,0.0,0.0,0.0,0.0,1.0,37.483751899999994,126.9242301,,,,,
864,복은길60,0.0,0.0,0.0,0.0,0.0,0.0,0.0,0.0,5.0,37.47460297,126.9391541,,,,,
865,밤골길6,0.0,0.0,0.0,0.0,0.0,0.0,0.0,0.0,5.0,37.46202243,126.93178059999998,,,,,
866,낙성대동산58-1,0.0,0.0,0.0,0.0,0.0,0.0,0.0,0.0,4.0,37.47489669,126.95899809999999,,,,,
867,남부순환로1455,0.0,0.0,0.0,0.0,0.0,0.0,0.0,0.0,4.0,37.48146603,126.9124003,,,,,
868,신림동700-57,0.0,0.0,0.0,0.0,0.0,0.0,0.0,0.0,4.0,37.47000023,126.92000520000002,,,,,
869,동광로49-31,0.0,0.0,0.0,0.0,0.0,0.0,0.0,0.0,5.0,37.47062478,126.9190903,,,,,
870,신림동300-8,0.0,0.0,0.0,0.0,0.0,0.0,0.0,0.0,3.0,37.46627057,126.9307058,,,,,
871,은천로24길26,0.0,0.0,0.0,0.0,0.0,0.0,0.0,0.0,5.0,37.48571725,126.947981,,,,,
872,남부순환로1761,0.0,0.0,0.0,0.0,0.0,0.0,0.0,0.0,5.0,37.48260267,126.9464869,,,,,
873,난향동1736-10,0.0,0.0,0.0,0.0,0.0,0.0,0.0,0.0,3.0,37.46214932,126.91906909999999,,,,,
874,신원동산159-33,0.0,0.0,0.0,0.0,0.0,0.0,0.0,0.0,1.0,37.47625089,126.92543119999999,,,,,
875,보라매동산104-1,0.0,0.0,0.0,0.0,0.0,0.0,0.0,0.0,1.0,37.48947201,126.9390212,,,,,
876,청룡동산149-8,0.0,0.0,0.0,0.0,0.0,0.0,0.0,0.0,1.0,37.4807547,126.93565990000002,,,,,
877,신사동498,0.0,0.0,0.0,0.0,0.0,0.0,0.0,0.0,3.0,37.48833012,126.91488079999999,,,,,
878,삼성동산57-14,0.0,0.0,0.0,0.0,0.0,0.0,0.0,0.0,3.0,37.45685298,126.9295683,,,,,
879,청룡동산175-40,0.0,0.0,0.0,0.0,0.0,0.0,0.0,0.0,3.0,37.47649685,126.95094350000001,,,,,
880,난곡동655-104,0.0,0.0,0.0,0.0,0.0,0.0,0.0,0.0,1.0,37.46788994,126.9207614,,,,,
881,신사동501-30,0.0,0.0,0.0,0.0,0.0,0.0,0.0,0.0,1.0,37.48624049,126.91527190000001,,,,,
882,서림동98-402,0.0,0.0,0.0,0.0,0.0,0.0,0.0,0.0,1.0,37.47524952,126.9427937,,,,,
883,삼성동316-95,0.0,0.0,0.0,0.0,0.0,0.0,0.0,0.0,1.0,37.45928016,126.9329815,,,,,
884,대학동1716-1,0.0,0.0,0.0,0.0,0.0,0.0,0.0,0.0,1.0,37.46791457,126.942415,,,,,
885,남부순환로2076,0.0,0.0,0.0,0.0,0.0,0.0,0.0,0.0,2.0,37.47641345,126.98013300000001,,,,,
886,대학동205-1,0.0,0.0,0.0,0.0,0.0,0.0,0.0,0.0,4.0,37.46230362,126.94778810000001,,,,,
887,관악산나들길114,0.0,0.0,0.0,0.0,0.0,0.0,0.0,0.0,2.0,37.45652999,126.94714590000001,,,,,
888,국사봉길175,0.0,0.0,0.0,0.0,0.0,0.0,0.0,0.0,1.0,37.49249498,126.9349524,,,,,
889,관악산나들길,0.0,0.0,0.0,0.0,0.0,0.0,0.0,0.0,2.0,37.46802993,126.945548,,,,,
890,대학동산24-9,0.0,0.0,0.0,0.0,0.0,0.0,0.0,0.0,2.0,37.46797618,126.93996229999999,,,,,
891,조원동1661-15,0.0,0.0,0.0,0.0,0.0,0.0,0.0,0.0,1.0,37.48190677,126.9028852,,,,,
892,행운동148-103,0.0,0.0,0.0,0.0,0.0,0.0,0.0,0.0,1.0,37.47922047,126.96238829999999,,,,,
893,은천동942-29,0.0,0.0,0.0,0.0,0.0,0.0,0.0,0.0,1.0,37.48509822,126.93954609999999,,,,,
894,삼성동321-5,0.0,0.0,0.0,0.0,0.0,0.0,0.0,0.0,1.0,37.46195671,126.93033190000001,,,,,
895,미성동1482-1,0.0,0.0,0.0,0.0,0.0,0.0,0.0,0.0,1.0,37.48019649,126.9141403,,,,,
896,미성동1563-56,0.0,0.0,0.0,0.0,0.0,0.0,0.0,0.0,1.0,37.47403416,126.91525039999999,,,,,
897,낙성대동산56-3,0.0,0.0,0.0,0.0,0.0,0.0,0.0,0.0,1.0,37.47573517,126.95610309999999,,,,,
898,대학동산32-23,0.0,0.0,0.0,0.0,0.0,0.0,0.0,0.0,1.0,37.46353082,126.948072,,,,,
899,난향동산105-12,0.0,0.0,0.0,0.0,0.0,0.0,0.0,0.0,1.0,37.46575088,126.9172992,,,,,
900,삼성동산68-2,0.0,0.0,0.0,0.0,0.0,0.0,0.0,0.0,1.0,37.46319264,126.93374840000001,,,,,
901,미성동산197-3,0.0,0.0,0.0,0.0,0.0,0.0,0.0,0.0,1.0,37.47774206,126.91765600000001,,,,,
902,난향동산102-12,0.0,0.0,0.0,0.0,0.0,0.0,0.0,0.0,2.0,37.45766012,126.9185619,,,,,
903,낙성대동291-8,0.0,0.0,0.0,0.0,0.0,0.0,0.0,0.0,1.0,37.47393166,126.95997709999999,,,,,
904,낙성대동287,0.0,0.0,0.0,0.0,0.0,0.0,0.0,0.0,1.0,37.47322103,126.9597055,,,,,
905,남부순환로55-13,0.0,0.0,0.0,0.0,0.0,0.0,0.0,0.0,1.0,37.47521586,126.9708827,,,,,
906,"연주대,삼성동산불감시",0.0,0.0,0.0,0.0,0.0,0.0,0.0,0.0,1.0,37.44241172,126.9653313,,,,,
907,"모자봉,대학동산불감시",0.0,0.0,0.0,0.0,0.0,0.0,0.0,0.0,1.0,37.45241416,126.94666310000001,,,,,
908,"삼성산,삼성동산불감시",0.0,0.0,0.0,0.0,0.0,0.0,0.0,0.0,1.0,37.45032292,126.93423770000001,,,,,
909,"서울대,대학동산불감시",0.0,0.0,0.0,0.0,0.0,0.0,0.0,0.0,1.0,37.46242012,126.95609420000001,,,,,
910,성현동1712-6,0.0,0.0,0.0,0.0,0.0,0.0,0.0,0.0,1.0,37.49119516,126.95359979999999,,,,,
911,봉천로19길31,0.0,0.0,0.0,0.0,0.0,0.0,0.0,0.0,1.0,37.48869889,126.9335906,,,,,
912,대학동255-258,0.0,0.0,0.0,0.0,0.0,0.0,0.0,0.0,1.0,37.46414404,126.93530630000001,,,,,
913,청룡동1555-16,0.0,0.0,0.0,0.0,0.0,0.0,0.0,0.0,1.0,37.47678062,126.9438504,,,,,
914,난곡동산87-14,0.0,0.0,0.0,0.0,0.0,0.0,0.0,0.0,1.0,37.46575933,126.9238244,,,,,
915,미성동산117-13,0.0,0.0,0.0,0.0,0.0,0.0,0.0,0.0,1.0,37.46968859,126.9125745,,,,,
