,도로명,위도,경도,"아파트,연립다세대",단독주택,노상,백화점,슈퍼마켓,편의점,상점,"시장,노점","숙박업소,목욕탕",유흥접객업소,사무실,공장,창고,유원지,학교,금융기관,의료기관,종교기관,주차장
51530,과천대로,37.4673415,126.9851173,,,,,,,,,,,,,,,,,,,
51669,난곡로52길,37.4783133,126.9157578,,,,,,,,,,,,,,,,,,,
51958,남부순환로176길,37.4835435,126.9284008,,,,,,,,,,,,,,,,,,,
53150,신림로3길,37.4686883,126.9447106,,,,,,,,,,,,,,,,,,,
53174,인헌7길,37.4733411,126.9674221,,,,,,,,,,,,,,,,,,,
53194,승방6길,37.4743906,126.9802072,,,,,,,,,,,,,,,,,,,
53299,행운10길,37.4820135,126.9617643,,,,,,,,,,,,,,,,,,,
53410,은천로11길,37.4865774,126.9419399,,,,,,,,,,,,,,,,,,,
53475,참벗길,37.4784307,126.9439719,,,,,,,,,,,,,,,,,,,
53483,소담길,37.4774872,126.9431336,,,,,,,,,,,,,,,,,,,
53581,쑥고개로1가길,37.4778843,126.9378739,,,,,,,,,,,,,,,,,,,
53645,쑥고개로24길,37.4786823,126.9490988,,,,,,,,,,,,,,,,,,,
53703,시흥대로166길,37.481968,126.9027601,,,,,,,,,,,,,,,,,,,
53706,난곡로24마길,37.4683042,126.9222631,,,,,,,,,,,,,,,,,,,
53796,용담길,37.477327,126.9434964,,,,,,,,,,,,,,,,,,,
53825,쑥고개로2라길,37.4759056,126.9407179,,,,,,,,,,,,,,,,,,,
53947,서원6길,37.4770717,126.931915,,,,,,,,,,,,,,,,,,,
54024,인헌14길,37.4704997,126.9667266,,,,,,,,,,,,,,,,,,,
54031,봉천로13가길,37.4892137,126.9310628,,,,,,,,,,,,,,,,,,,
54151,청룡7길,37.4797087,126.9477912,,,,,,,,,,,,,,,,,,,
54194,난우2길,37.4735359,126.9197839,,,,,,,,,,,,,,,,,,,
54226,신사로14길,37.487006,126.916516,,,,,,,,,,,,,,,,,,,
54246,행운1라길,37.4821217,126.9575083,,,,,,,,,,,,,,,,,,,
54256,쑥고개로1길,37.4778669,126.938485,,,,,,,,,,,,,,,,,,,
54309,서림5길,37.473276,126.9397674,,,,,,,,,,,,,,,,,,,
54385,쑥고개로28길,37.4784483,126.9501457,,,,,,,,,,,,,,,,,,,
54396,남부순환로125길,37.4809825,126.9060809,,,,,,,,,,,,,,,,,,,
54493,난향6길,37.463605,126.9168324,,,,,,,,,,,,,,,,,,,
54497,남부순환로167길,37.484572,126.9237249,,,,,,,,,,,,,,,,,,,
54527,쑥고개로13길,37.4803185,126.944037,,,,,,,,,,,,,,,,,,,
54531,남부순환로260가길,37.4737073,126.9726894,,,,,,,,,,,,,,,,,,,
54550,봉천로49가길,37.4826763,126.9506115,,,,,,,,,,,,,,,,,,,
54581,시흥대로162길,37.4811238,126.9022302,,,,,,,,,,,,,,,,,,,
54611,참숯5길,37.4771015,126.9405874,,,,,,,,,,,,,,,,,,,
54634,문성로40길,37.4774995,126.9312324,,,,,,,,,,,,,,,,,,,
54651,문성로38나길,37.4762147,126.9289645,,,,,,,,,,,,,,,,,,,
54661,호암로18나길,37.4643099,126.9330795,,,,,,,,,,,,,,,,,,,
54671,관악로17길,37.4808679,126.9504007,,,,,,,,,,,,,,,,,,,
54672,성현로,37.4916112,126.9501285,,,,,,,,,,,,,,,,,,,
54675,은천로8길,37.4854866,126.9400435,,,,,,,,,,,,,,,,,,,
54679,남부순환로152가길,37.4818037,126.9170772,,,,,,,,,,,,,,,,,,,
54688,신림로38길,37.4765031,126.9382508,,,,,,,,,,,,,,,,,,,
54702,법원단지25길,37.475822,126.9230932,,,,,,,,,,,,,,,,,,,
54720,남부순환로246나길,37.4749524,126.9650132,,,,,,,,,,,,,,,,,,,
54724,신림로44길,37.47825,126.9353074,,,,,,,,,,,,,,,,,,,
54727,법원단지16길,37.4736006,126.9221825,,,,,,,,,,,,,,,,,,,
54743,서림11길,37.4721788,126.9410708,,,,,,,,,,,,,,,,,,,
54757,광신5길,37.4674142,126.9299154,,,,,,,,,,,,,,,,,,,
54775,난곡로78길,37.4866695,126.9139194,,,,,,,,,,,,,,,,,,,
54776,장군봉8길,37.4810079,126.9387697,,,,,,,,,,,,,,,,,,,
54782,법원단지21길,37.4754235,126.9223862,,,,,,,,,,,,,,,,,,,
54799,성림길,37.4658621,126.9308911,,,,,,,,,,,,,,,,,,,
54800,성림1길,37.4650418,126.9309283,,,,,,,,,,,,,,,,,,,
54802,봉천로33나길,37.4854792,126.9432784,,,,,,,,,,,,,,,,,,,
54817,낙성대역길,37.4756745,126.9611045,,,,,,,,,,,,,,,,,,,
54850,난향2길,37.4633365,126.917983,,,,,,,,,,,,,,,,,,,
54852,남부순환로164길,37.482005,126.9231642,,,,,,,,,,,,,,,,,,,
54869,청룡1길,37.481137,126.9476437,,,,,,,,,,,,,,,,,,,
54893,서림7길,37.4721238,126.9423263,,,,,,,,,,,,,,,,,,,
54894,법원단지10길,37.4745276,126.9231795,,,,,,,,,,,,,,,,,,,
54941,법원단지29길,37.4762127,126.9238012,,,,,,,,,,,,,,,,,,,
54955,은천로28길,37.4859268,126.9510893,,,,,,,,,,,,,,,,,,,
54956,남부순환로184길,37.4834958,126.9320731,,,,,,,,,,,,,,,,,,,
54977,관천로17길,37.4872876,126.9218841,,,,,,,,,,,,,,,,,,,
54979,인헌12나길,37.4708469,126.9665461,,,,,,,,,,,,,,,,,,,
54981,법원단지17길,37.475031,126.9216766,,,,,,,,,,,,,,,,,,,
54998,성림3길,37.4655731,126.9305397,,,,,,,,,,,,,,,,,,,
55014,문성로19길,37.4785348,126.9161204,,,,,,,,,,,,,,,,,,,
55037,봉천로58길,37.4787585,126.9563092,,,,,,,,,,,,,,,,,,,
55045,양지14길,37.4688836,126.9297602,,,,,,,,,,,,,,,,,,,
55055,법원단지7길,37.4754031,126.9218163,,,,,,,,,,,,,,,,,,,
55093,승방9길,37.4721161,126.9786463,,,,,,,,,,,,,,,,,,,
55096,법원단지13길,37.4746358,126.9209729,,,,,,,,,,,,,,,,,,,
55145,신림로54가길,37.4807156,126.9316339,,,,,,,,,,,,,,,,,,,
55146,신림로73길,37.4890875,126.9275597,,,,,,,,,,,,,,,,,,,
55185,밤골길,37.4629868,126.931174,,,,,,,,,,,,,,,,,,,
55220,양지8길,37.470386,126.9299748,,,,,,,,,,,,,,,,,,,
55228,난곡로40길,37.4753436,126.917463,,,,,,,,,,,,,,,,,,,
55230,난곡로53길,37.4786392,126.9141921,,,,,,,,,,,,,,,,,,,
55278,남부순환로247가길,37.4769568,126.9657145,,,,,,,,,,,,,,,,,,,
55289,신림로41길,37.4767942,126.9348311,,,,,,,,,,,,,,,,,,,
55292,신림로54길,37.4803962,126.9312502,,,,,,,,,,,,,,,,,,,
55296,국회단지14길,37.4890727,126.9427214,,,,,,,,,,,,,,,,,,,
55304,봉천로21다길,37.4895779,126.9345209,,,,,,,,,,,,,,,,,,,
55330,은천로6길,37.48578,126.9390561,,,,,,,,,,,,,,,,,,,
55332,승방2길,37.4748441,126.9811258,,,,,,,,,,,,,,,,,,,
55348,방천길,37.4733808,126.9326428,,,,,,,,,,,,,,,,,,,
55353,신림로18길,37.4715644,126.9363059,,,,,,,,,,,,,,,,,,,
55358,양지12길,37.4684917,126.9287645,,,,,,,,,,,,,,,,,,,
55363,양지16길,37.4702472,126.9307995,,,,,,,,,,,,,,,,,,,
55375,양지6길,37.4702166,126.9303997,,,,,,,,,,,,,,,,,,,
55376,양지3길,37.4707511,126.9311485,,,,,,,,,,,,,,,,,,,
55392,양지4길,37.4702859,126.9311776,,,,,,,,,,,,,,,,,,,
55420,남부순환로241길,37.4792177,126.9628467,,,,,,,,,,,,,,,,,,,
55424,태흥길,37.4665288,126.9304158,,,,,,,,,,,,,,,,,,,
55434,남부순환로256가길,37.4754819,126.9726641,,,,,,,,,,,,,,,,,,,
55435,승방7길,37.4725617,126.9797612,,,,,,,,,,,,,,,,,,,
55487,장군봉13길,37.4797861,126.9398798,,,,,,,,,,,,,,,,,,,
55511,난곡로63가길,37.4808221,126.9141637,,,,,,,,,,,,,,,,,,,
55513,은천로35마길,37.4884642,126.9532998,,,,,,,,,,,,,,,,,,,
55529,난곡로22길,37.4690569,126.920459,,,,,,,,,,,,,,,,,,,
55535,은천로1길,37.4868664,126.9363827,,,,,,,,,,,,,,,,,,,
55548,약수암1길,37.459972,126.9332162,,,,,,,,,,,,,,,,,,,
55575,조원로20길,37.4837438,126.9131169,,,,,,,,,,,,,,,,,,,
55590,광신1길,37.4685565,126.9291424,,,,,,,,,,,,,,,,,,,
55615,봉천로62길,37.4777963,126.9588307,,,,,,,,,,,,,,,,,,,
55635,호암로22가길,37.46829,126.9332958,,,,,,,,,,,,,,,,,,,
55636,남현12길,37.4717989,126.97266,,,,,,,,,,,,,,,,,,,
55648,법원단지36길,37.4757006,126.9253527,,,,,,,,,,,,,,,,,,,
55669,봉천로6길,37.4882036,126.9258835,,,,,,,,,,,,,,,,,,,
55679,인헌16가길,37.4691836,126.9681596,,,,,,,,,,,,,,,,,,,
55703,서원2길,37.4778834,126.9321238,,,,,,,,,,,,,,,,,,,
55714,난곡로44길,37.4760178,126.9169094,,,,,,,,,,,,,,,,,,,
55724,법원단지14길,37.4730717,126.9221339,,,,,,,,,,,,,,,,,,,
55725,난곡로35라길,37.4712608,126.9184099,,,,,,,,,,,,,,,,,,,
55729,봉천로15길,37.4886223,126.9316856,,,,,,,,,,,,,,,,,,,
55736,난곡로38길,37.4748856,126.917839,,,,,,,,,,,,,,,,,,,
55738,국회단지19길,37.4899285,126.9414892,,,,,,,,,,,,,,,,,,,
55751,남부순환로161가길,37.4848341,126.9167053,,,,,,,,,,,,,,,,,,,
55752,광신3길,37.4674505,126.9296215,,,,,,,,,,,,,,,,,,,
55780,보라매로3길,37.4914449,126.9258661,,,,,,,,,,,,,,,,,,,
55784,은천로35바길,37.4882931,126.954535,,,,,,,,,,,,,,,,,,,
55785,국회단지11길,37.4889427,126.9403817,,,,,,,,,,,,,,,,,,,
55793,쑥고개로22길,37.4776793,126.9482904,,,,,,,,,,,,,,,,,,,
55794,낙성대역12길,37.4737854,126.963718,,,,,,,,,,,,,,,,,,,
55800,신원로2길,37.4803395,126.9283363,,,,,,,,,,,,,,,,,,,
55821,시흥대로158길,37.4803015,126.9012751,,,,,,,,,,,,,,,,,,,
55822,신림동5길,37.4861049,126.9274631,,,,,,,,,,,,,,,,,,,
55828,신림동9길,37.4863255,126.9247676,,,,,,,,,,,,,,,,,,,
55874,서원3길,37.4769096,126.9337485,,,,,,,,,,,,,,,,,,,
55875,서원5길,37.4765157,126.9336373,,,,,,,,,,,,,,,,,,,
55884,난곡로58길,37.4797922,126.9154191,,,,,,,,,,,,,,,,,,,
55890,서원4길,37.4774557,126.932017,,,,,,,,,,,,,,,,,,,
55915,봉천로2길,37.4894263,126.9224074,,,,,,,,,,,,,,,,,,,
55917,청룡16길,37.4769433,126.9432264,,,,,,,,,,,,,,,,,,,
55936,봉천로53길,37.4819372,126.9545215,,,,,,,,,,,,,,,,,,,
55943,남부순환로216길,37.4806028,126.9492787,,,,,,,,,,,,,,,,,,,
55945,중앙1가길,37.4831203,126.9529582,,,,,,,,,,,,,,,,,,,
55973,양녕로6라길,37.4839603,126.9507984,,,,,,,,,,,,,,,,,,,
55975,양산3길,37.47408,126.9310861,,,,,,,,,,,,,,,,,,,
55995,남부순환로186길,37.4838469,126.9332401,,,,,,,,,,,,,,,,,,,
55996,신림동3길,37.4868299,126.9277741,,,,,,,,,,,,,,,,,,,
55998,신원로3다길,37.4814894,126.9259251,,,,,,,,,,,,,,,,,,,
56011,대학21길,37.465676,126.9384502,,,,,,,,,,,,,,,,,,,
56014,조원로16길,37.4830835,126.9111306,,,,,,,,,,,,,,,,,,,
56060,관악로11가길,37.4776889,126.9487919,,,,,,,,,,,,,,,,,,,
56080,남부순환로237길,37.4801426,126.9610439,,,,,,,,,,,,,,,,,,,
56086,법원단지12길,37.4733328,126.9213359,,,,,,,,,,,,,,,,,,,
56102,신림로43길,37.4769442,126.9338047,,,,,,,,,,,,,,,,,,,
56129,서림1길,37.4755155,126.9402865,,,,,,,,,,,,,,,,,,,
56138,구암5길,37.4903469,126.9470523,,,,,,,,,,,,,,,,,,,
56141,남부순환로251길,37.4758216,126.9690593,,,,,,,,,,,,,,,,,,,
56148,난곡로35가길,37.4726482,126.9184554,,,,,,,,,,,,,,,,,,,
56150,관악로13길,37.4793974,126.9509931,,,,,,,,,,,,,,,,,,,
56159,문성로16가길,37.4757785,126.9143901,,,,,,,,,,,,,,,,,,,
56167,대학20길,37.4651169,126.9376616,,,,,,,,,,,,,,,,,,,
56171,남부순환로181길,37.4857016,126.9305457,,,,,,,,,,,,,,,,,,,
56172,국회단지8길,37.4882675,126.9418928,,,,,,,,,,,,,,,,,,,
56179,인헌12가길,37.4710505,126.9669496,,,,,,,,,,,,,,,,,,,
56195,신림로12길,37.4713603,126.9386969,,,,,,,,,,,,,,,,,,,
56206,국회단지18길,37.4896099,126.9430274,,,,,,,,,,,,,,,,,,,
56210,호암로26길,37.4705804,126.935806,,,,,,,,,,,,,,,,,,,
56212,관악로5길,37.4755796,126.9522372,,,,,,,,,,,,,,,,,,,
56215,난곡로12길,37.4658899,126.9203272,,,,,,,,,,,,,,,,,,,
56222,승방3나길,37.4725479,126.9800408,,,,,,,,,,,,,,,,,,,
56224,은천로38길,37.4854025,126.9548302,,,,,,,,,,,,,,,,,,,
56248,신림로21길,37.4684327,126.9348503,,,,,,,,,,,,,,,,,,,
56253,관악로14길,37.4791486,126.9540513,,,,,,,,,,,,,,,,,,,
56257,국회단지6길,37.4879099,126.9418836,,,,,,,,,,,,,,,,,,,
56276,양지7길,37.4704012,126.9304604,,,,,,,,,,,,,,,,,,,
56279,복은7길,37.4752634,126.9412839,,,,,,,,,,,,,,,,,,,
56289,대학16길,37.4656011,126.9372359,,,,,,,,,,,,,,,,,,,
56290,중앙2길,37.4845454,126.9539091,,,,,,,,,,,,,,,,,,,
56330,조원로11길,37.4840332,126.906606,,,,,,,,,,,,,,,,,,,
56342,조원로2길,37.4817424,126.9015934,,,,,,,,,,,,,,,,,,,
56344,남부순환로233길,37.4804773,126.958739,,,,,,,,,,,,,,,,,,,
56346,남부순환로206길,37.4806472,126.942117,,,,,,,,,,,,,,,,,,,
56347,은천로25가길,37.4876278,126.9506579,,,,,,,,,,,,,,,,,,,
56349,청룡13길,37.4771581,126.9462821,,,,,,,,,,,,,,,,,,,
56356,남부순환로159길,37.4841996,126.9194476,,,,,,,,,,,,,,,,,,,
56357,국회단지25길,37.4908041,126.9405207,,,,,,,,,,,,,,,,,,,
56365,광신길,37.4670833,126.9307308,,,,,,,,,,,,,,,,,,,
56422,남부순환로185길,37.48542,126.9323324,,,,,,,,,,,,,,,,,,,
56455,은천로10길,37.4852246,126.9410757,,,,,,,,,,,,,,,,,,,
56456,양지11길,37.4690859,126.9287016,,,,,,,,,,,,,,,,,,,
56464,남부순환로246가길,37.4754218,126.9649716,,,,,,,,,,,,,,,,,,,
56468,관악로29길,37.487113,126.956723,,,,,,,,,,,,,,,,,,,
56481,국회단지27길,37.4911657,126.9404512,,,,,,,,,,,,,,,,,,,
56494,난곡로51길,37.4783016,126.9137952,,,,,,,,,,,,,,,,,,,
56509,봉천로23가길,37.4876328,126.9354125,,,,,,,,,,,,,,,,,,,
56510,남부순환로182길,37.4834596,126.9316245,,,,,,,,,,,,,,,,,,,
56529,남현6길,37.4737541,126.9750825,,,,,,,,,,,,,,,,,,,
56534,봉천로49다길,37.4830805,126.9515795,,,,,,,,,,,,,,,,,,,
56538,승방3가길,37.4723368,126.9794808,,,,,,,,,,,,,,,,,,,
56608,관악로15길,37.4803582,126.9507634,,,,,,,,,,,,,,,,,,,
56650,솔밭로4길,37.4789796,126.963544,,,,,,,,,,,,,,,,,,,
56651,쑥고개로30길,37.4780007,126.9503012,,,,,,,,,,,,,,,,,,,
56652,호암로24길,37.4697004,126.9354905,,,,,,,,,,,,,,,,,,,
56657,신림로44다길,37.478446,126.9360317,,,,,,,,,,,,,,,,,,,
56658,남부순환로190가길,37.4825792,126.9339568,,,,,,,,,,,,,,,,,,,
56663,승방4길,37.4745448,126.9806317,,,,,,,,,,,,,,,,,,,
56668,난곡로34가길,37.4729782,126.9202709,,,,,,,,,,,,,,,,,,,
56670,남부순환로152길,37.4816107,126.9187943,,,,,,,,,,,,,,,,,,,
56674,인헌16다길,37.4686638,126.9661478,,,,,,,,,,,,,,,,,,,
56675,봉천로18길,37.4870641,126.9317722,,,,,,,,,,,,,,,,,,,
56710,남부순환로186가길,37.4835811,126.9330434,,,,,,,,,,,,,,,,,,,
56713,신림로67길,37.486055,126.9284447,,,,,,,,,,,,,,,,,,,
56726,봉천로8길,37.4884651,126.9271136,,,,,,,,,,,,,,,,,,,
56736,은천로41길,37.4862277,126.9555019,,,,,,,,,,,,,,,,,,,
56742,신림로53길,37.4796117,126.9299976,,,,,,,,,,,,,,,,,,,
56748,참숯4길,37.477114,126.9411313,,,,,,,,,,,,,,,,,,,
56750,남부순환로218길,37.4802248,126.9503786,,,,,,,,,,,,,,,,,,,
56754,법원단지20길,37.4738604,126.9235064,,,,,,,,,,,,,,,,,,,
56758,봉천로5길,37.490324,126.9243581,,,,,,,,,,,,,,,,,,,
56794,남부순환로188길,37.4843856,126.9336872,,,,,,,,,,,,,,,,,,,
56797,행운9길,37.4828947,126.9602878,,,,,,,,,,,,,,,,,,,
56798,신림로44나길,37.4782211,126.9357539,,,,,,,,,,,,,,,,,,,
56801,난곡로24라길,37.4686705,126.9219984,,,,,,,,,,,,,,,,,,,
56823,문성로16다길,37.4717344,126.9116885,,,,,,,,,,,,,,,,,,,
56824,신림로7길,37.4698297,126.9414927,,,,,,,,,,,,,,,,,,,
56870,호암로22길,37.4682891,126.9360771,,,,,,,,,,,,,,,,,,,
56875,난향5길,37.4621625,126.9166123,,,,,,,,,,,,,,,,,,,
56898,남부순환로262길,37.4756842,126.974354,,,,,,,,,,,,,,,,,,,
56905,법원단지9길,37.4754384,126.9223968,,,,,,,,,,,,,,,,,,,
56909,문성로31길,37.4797036,126.9289706,,,,,,,,,,,,,,,,,,,
56931,서원1길,37.4773176,126.9338646,,,,,,,,,,,,,,,,,,,
56935,장군봉6길,37.4815182,126.9383883,,,,,,,,,,,,,,,,,,,
56944,남부순환로256다길,37.4726283,126.9733369,,,,,,,,,,,,,,,,,,,
56957,신림로64길,37.4851956,126.931931,,,,,,,,,,,,,,,,,,,
56973,낙성대역8길,37.4737075,126.9611837,,,,,,,,,,,,,,,,,,,
57011,인헌23길,37.4700396,126.9704434,,,,,,,,,,,,,,,,,,,
57026,난향16길,37.4638393,126.9152262,,,,,,,,,,,,,,,,,,,
57054,쑥고개로26길,37.4775086,126.9492987,,,,,,,,,,,,,,,,,,,
57055,남부순환로154길,37.4813214,126.9199947,,,,,,,,,,,,,,,,,,,
57088,복은12길,37.4746452,126.9419091,,,,,,,,,,,,,,,,,,,
57112,남현3가길,37.4740009,126.9769232,,,,,,,,,,,,,,,,,,,
57122,남부순환로208길,37.4816638,126.9434069,,,,,,,,,,,,,,,,,,,
57123,청룡8길,37.4801664,126.9444264,,,,,,,,,,,,,,,,,,,
57124,성림2길,37.4651129,126.9306869,,,,,,,,,,,,,,,,,,,
57130,양녕로6가길,37.4858511,126.9489721,,,,,,,,,,,,,,,,,,,
57137,남부순환로256라길,37.4720458,126.9733097,,,,,,,,,,,,,,,,,,,
57138,신원로3라길,37.4820644,126.9258159,,,,,,,,,,,,,,,,,,,
57151,미성10길,37.4721012,126.9119681,,,,,,,,,,,,,,,,,,,
57199,청룡4길,37.4809911,126.9454393,,,,,,,,,,,,,,,,,,,
57211,난곡로75길,37.4856861,126.9130135,,,,,,,,,,,,,,,,,,,
57225,청룡11길,37.4774293,126.9461586,,,,,,,,,,,,,,,,,,,
57231,청룡15길,37.4767826,126.9462561,,,,,,,,,,,,,,,,,,,
57262,양지10길,37.4706053,126.9273631,,,,,,,,,,,,,,,,,,,
57265,원신5길,37.4683346,126.9315163,,,,,,,,,,,,,,,,,,,
57276,보라매로2길,37.4898721,126.9292715,,,,,,,,,,,,,,,,,,,
57278,인헌15길,37.4709283,126.9680129,,,,,,,,,,,,,,,,,,,
57283,난곡로65길,37.482286,126.9133056,,,,,,,,,,,,,,,,,,,
57284,인헌17길,37.4707609,126.9688044,,,,,,,,,,,,,,,,,,,
57293,행운1가길,37.4811129,126.9577646,,,,,,,,,,,,,,,,,,,
57295,난곡로26라길,37.4681396,126.92405,,,,,,,,,,,,,,,,,,,
57296,봉천로25길,37.4857337,126.9378416,,,,,,,,,,,,,,,,,,,
57298,난곡로66길,37.4826322,126.9151979,,,,,,,,,,,,,,,,,,,
57328,관악로24가길,37.4845392,126.9568312,,,,,,,,,,,,,,,,,,,
57333,양지9길,37.4700438,126.9295987,,,,,,,,,,,,,,,,,,,
57341,복은8길,37.4742692,126.9403465,,,,,,,,,,,,,,,,,,,
57344,청림길,37.488036,126.9596111,,,,,,,,,,,,,,,,,,,
57353,관천로21길,37.4881796,126.9209329,,,,,,,,,,,,,,,,,,,
57356,난우10가길,37.476491,126.9197349,,,,,,,,,,,,,,,,,,,
57360,법원단지28길,37.4748721,126.9244526,,,,,,,,,,,,,,,,,,,
57363,봉천로7길,37.4906747,126.9261496,,,,,,,,,,,,,,,,,,,
57366,대학4길,37.4696886,126.9366507,,,,,,,,,,,,,,,,,,,
57370,관악로11나길,37.4776852,126.9484777,,,,,,,,,,,,,,,,,,,
57374,법원단지5라길,37.4773946,126.9218391,,,,,,,,,,,,,,,,,,,
57380,조원로8길,37.4826802,126.9060872,,,,,,,,,,,,,,,,,,,
57386,난곡로35길,37.4707566,126.9173666,,,,,,,,,,,,,,,,,,,
57409,관악로40길,37.4922356,126.9583777,,,,,,,,,,,,,,,,,,,
57413,문성로28가길,37.4785571,126.926431,,,,,,,,,,,,,,,,,,,
57415,신림로31가길,37.4762481,126.9358313,,,,,,,,,,,,,,,,,,,
57418,양지15길,37.4687934,126.930061,,,,,,,,,,,,,,,,,,,
57421,남부순환로246다길,37.4745546,126.9647249,,,,,,,,,,,,,,,,,,,
57422,은천로21길,37.4884807,126.9483827,,,,,,,,,,,,,,,,,,,
57425,남현8길,37.4736155,126.9753154,,,,,,,,,,,,,,,,,,,
57427,은천로9길,37.4875024,126.9406591,,,,,,,,,,,,,,,,,,,
57428,인헌13길,37.4721139,126.9687376,,,,,,,,,,,,,,,,,,,
57435,미성8길,37.4739818,126.9128255,,,,,,,,,,,,,,,,,,,
57437,신림동2길,37.4879109,126.9278153,,,,,,,,,,,,,,,,,,,
57476,관악로25길,37.4846306,126.9547992,,,,,,,,,,,,,,,,,,,
57478,남부순환로209길,37.4825354,126.9445461,,,,,,,,,,,,,,,,,,,
57479,관악로37길,37.4871415,126.9564462,,,,,,,,,,,,,,,,,,,
57492,난곡로64가길,37.4784832,126.915749,,,,,,,,,,,,,,,,,,,
57496,난우길,37.475377,126.9177646,,,,,,,,,,,,,,,,,,,
57508,법원단지5다길,37.478072,126.92076,,,,,,,,,,,,,,,,,,,
57513,난곡로50길,37.477395,126.9160956,,,,,,,,,,,,,,,,,,,
57532,원신7길,37.4666764,126.9297043,,,,,,,,,,,,,,,,,,,
57536,미성3길,37.4736335,126.9159331,,,,,,,,,,,,,,,,,,,
57539,봉천로29길,37.4854642,126.9409312,,,,,,,,,,,,,,,,,,,
57541,국회단지16길,37.4894528,126.9430779,,,,,,,,,,,,,,,,,,,
57552,보라매로7길,37.4942208,126.9267693,,,,,,,,,,,,,,,,,,,
57564,관천로27길,37.488901,126.9192601,,,,,,,,,,,,,,,,,,,
57565,낙성대역14길,37.4732833,126.9632979,,,,,,,,,,,,,,,,,,,
57569,난향7길,37.4609447,126.9153426,,,,,,,,,,,,,,,,,,,
57575,난곡로46길,37.4766436,126.9164473,,,,,,,,,,,,,,,,,,,
57577,양녕로2길,37.4836394,126.9477422,,,,,,,,,,,,,,,,,,,
57600,은천로32길,37.4850889,126.9530128,,,,,,,,,,,,,,,,,,,
57607,봉천로23마길,37.4883885,126.9356494,,,,,,,,,,,,,,,,,,,
57612,신림로15길,37.4678959,126.9370369,,,,,,,,,,,,,,,,,,,
57616,솔밭로,37.4778078,126.9628493,,,,,,,,,,,,,,,,,,,
57618,쑥고개로1나길,37.4781303,126.937926,,,,,,,,,,,,,,,,,,,
57620,국회단지13길,37.4891792,126.9405385,,,,,,,,,,,,,,,,,,,
57627,인헌12다길,37.4704062,126.9659467,,,,,,,,,,,,,,,,,,,
57630,보라매로5길,37.4915334,126.9246884,,,,,,,,,,,,,,,,,,,
57635,남부순환로163나길,37.4844026,126.9221963,,,,,,,,,,,,,,,,,,,
57636,난곡로48길,37.4768503,126.9165054,,,,,,,,,,,,,,,,,,,
57640,남부순환로191길,37.4857385,126.9342196,,,,,,,,,,,,,,,,,,,
57652,난향3길,37.4620471,126.9166239,,,,,,,,,,,,,,,,,,,
57668,원신1길,37.4695164,126.9323296,,,,,,,,,,,,,,,,,,,
57681,남부순환로143나길,37.4831358,126.9115423,,,,,,,,,,,,,,,,,,,
57693,문성로30길,37.4785669,126.9284624,,,,,,,,,,,,,,,,,,,
57698,난곡로64길,37.4818254,126.9177517,,,,,,,,,,,,,,,,,,,
57699,봉천로23길,37.4877249,126.9356288,,,,,,,,,,,,,,,,,,,
57701,봉천로30길,37.4837,126.9397866,,,,,,,,,,,,,,,,,,,
57702,조원로12길,37.4815926,126.9064158,,,,,,,,,,,,,,,,,,,
57703,쑥고개로2길,37.4762349,126.9388544,,,,,,,,,,,,,,,,,,,
57725,인헌3나길,37.4739365,126.968061,,,,,,,,,,,,,,,,,,,
57737,양지13길,37.4685067,126.9301464,,,,,,,,,,,,,,,,,,,
57745,봉천로27길,37.484907,126.9391699,,,,,,,,,,,,,,,,,,,
57748,인헌4길,37.4745016,126.9663562,,,,,,,,,,,,,,,,,,,
57751,조원로22길,37.4843601,126.9132729,,,,,,,,,,,,,,,,,,,
57766,원신10길,37.4599222,126.92994,,,,,,,,,,,,,,,,,,,
57775,신원로3마길,37.4820942,126.9253106,,,,,,,,,,,,,,,,,,,
57776,은천로26길,37.4860549,126.950572,,,,,,,,,,,,,,,,,,,
57778,관악로16길,37.4800426,126.9539894,,,,,,,,,,,,,,,,,,,
57780,신사로22길,37.4886058,126.9180219,,,,,,,,,,,,,,,,,,,
57782,청림1길,37.4890538,126.9584179,,,,,,,,,,,,,,,,,,,
57813,양녕로5길,37.4850572,126.9454486,,,,,,,,,,,,,,,,,,,
57815,신사로20길,37.4885525,126.9176355,,,,,,,,,,,,,,,,,,,
57821,남부순환로191가길,37.4854654,126.9350508,,,,,,,,,,,,,,,,,,,
57825,신림로48나길,37.4788472,126.9330346,,,,,,,,,,,,,,,,,,,
57827,국회단지20길,37.4899958,126.9432504,,,,,,,,,,,,,,,,,,,
57829,신사로12길,37.4876702,126.9160639,,,,,,,,,,,,,,,,,,,
57830,낙성대역14가길,37.4728556,126.9642838,,,,,,,,,,,,,,,,,,,
57833,신사로18길,37.4884126,126.9166934,,,,,,,,,,,,,,,,,,,
57840,신림로32길,37.474604,126.9373003,,,,,,,,,,,,,,,,,,,
57842,솔밭로5길,37.4793704,126.9628177,,,,,,,,,,,,,,,,,,,
57849,난곡로11길,37.4657803,126.9178049,,,,,,,,,,,,,,,,,,,
57871,낙성대역3길,37.475729,126.9628465,,,,,,,,,,,,,,,,,,,
57872,난곡로25가길,37.4699784,126.9181354,,,,,,,,,,,,,,,,,,,
57884,행운7길,37.4824263,126.9597576,,,,,,,,,,,,,,,,,,,
57887,봉천로14길,37.4874895,126.9303457,,,,,,,,,,,,,,,,,,,
57888,인헌19길,37.4707117,126.9701955,,,,,,,,,,,,,,,,,,,
57895,신사로26길,37.4874648,126.9185307,,,,,,,,,,,,,,,,,,,
57899,조원로33길,37.4868594,126.9210179,,,,,,,,,,,,,,,,,,,
57901,당곡6가길,37.4920574,126.9285214,,,,,,,,,,,,,,,,,,,
57910,난곡로26마길,37.4682507,126.9244049,,,,,,,,,,,,,,,,,,,
57915,국회단지21길,37.490393,126.9413648,,,,,,,,,,,,,,,,,,,
57916,대학6길,37.4690969,126.936217,,,,,,,,,,,,,,,,,,,
57917,서원10길,37.4762946,126.9317214,,,,,,,,,,,,,,,,,,,
57918,난곡로30나길,37.4709986,126.9224171,,,,,,,,,,,,,,,,,,,
57975,남부순환로210길,37.4816832,126.945484,,,,,,,,,,,,,,,,,,,
58001,난곡로39길,37.4750509,126.9162286,,,,,,,,,,,,,,,,,,,
58037,난곡로25길,37.4704567,126.9194197,,,,,,,,,,,,,,,,,,,
58053,대학5길,37.4690928,126.9384072,,,,,,,,,,,,,,,,,,,
58061,시흥대로164길,37.4815875,126.9024527,,,,,,,,,,,,,,,,,,,
58073,남부순환로168라길,37.4801315,126.9256512,,,,,,,,,,,,,,,,,,,
58074,법원단지3길,37.4751389,126.9190032,,,,,,,,,,,,,,,,,,,
58103,인헌1나길,37.4734213,126.969598,,,,,,,,,,,,,,,,,,,
58104,남부순환로166길,37.4814237,126.9237525,,,,,,,,,,,,,,,,,,,
58106,문성로27길,37.4796547,126.9269546,,,,,,,,,,,,,,,,,,,
58171,호암로16길,37.4643305,126.9335063,,,,,,,,,,,,,,,,,,,
58177,신림동5가길,37.4867773,126.9267121,,,,,,,,,,,,,,,,,,,
58188,승방1길,37.4725674,126.9796758,,,,,,,,,,,,,,,,,,,
58199,장군봉7길,37.4798543,126.9409514,,,,,,,,,,,,,,,,,,,
58205,신림로19길,37.4684078,126.9353954,,,,,,,,,,,,,,,,,,,
58223,법원단지18길,37.4737098,126.9225803,,,,,,,,,,,,,,,,,,,
58224,국회단지23길,37.4908181,126.9407262,,,,,,,,,,,,,,,,,,,
58229,신림로8길,37.4711243,126.939511,,,,,,,,,,,,,,,,,,,
58244,은천로36길,37.4856241,126.9539246,,,,,,,,,,,,,,,,,,,
58266,관악로30길,37.4858635,126.9594652,,,,,,,,,,,,,,,,,,,
58270,양녕로6나길,37.4853781,126.9499409,,,,,,,,,,,,,,,,,,,
58273,난곡로10길,37.4653935,126.9206372,,,,,,,,,,,,,,,,,,,
58282,은천로34길,37.4859688,126.9531846,,,,,,,,,,,,,,,,,,,
58285,은천로24길,37.4858153,126.9483281,,,,,,,,,,,,,,,,,,,
58286,남부순환로214길,37.4805081,126.9475407,,,,,,,,,,,,,,,,,,,
58290,남부순환로187길,37.4851975,126.933847,,,,,,,,,,,,,,,,,,,
58338,서림9길,37.4727403,126.9406655,,,,,,,,,,,,,,,,,,,
58352,봉천로21라길,37.4887941,126.9335482,,,,,,,,,,,,,,,,,,,
58353,조원로2가길,37.4829686,126.9037586,,,,,,,,,,,,,,,,,,,
58358,남부순환로198길,37.4840286,126.9368823,,,,,,,,,,,,,,,,,,,
58380,인헌3길,37.4737054,126.9695827,,,,,,,,,,,,,,,,,,,
58383,난곡로24다길,37.4690576,126.9218512,,,,,,,,,,,,,,,,,,,
58410,당곡6나길,37.4925058,126.9318872,,,,,,,,,,,,,,,,,,,
58413,봉천로55길,37.4814712,126.9557747,,,,,,,,,,,,,,,,,,,
58414,관천로15길,37.4858857,126.9173824,,,,,,,,,,,,,,,,,,,
58416,청룡중앙길,37.4777467,126.9471025,,,,,,,,,,,,,,,,,,,
58418,신림로31길,37.4756591,126.9357044,,,,,,,,,,,,,,,,,,,
58419,조원로21길,37.4853789,126.9123175,,,,,,,,,,,,,,,,,,,
58420,난향10길,37.4630251,126.9158379,,,,,,,,,,,,,,,,,,,
58422,남부순환로149길,37.4830353,126.9155719,,,,,,,,,,,,,,,,,,,
58423,법원단지길,37.4763766,126.9247553,,,,,,,,,,,,,,,,,,,
58424,중앙1길,37.4850347,126.9508201,,,,,,,,,,,,,,,,,,,
58425,신림로30길,37.472986,126.9362671,,,,,,,,,,,,,,,,,,,
58452,호암로18가길,37.4650021,126.9326064,,,,,,,,,,,,,,,,,,,
58456,난곡로32길,37.4723696,126.9201368,,,,,,,,,,,,,,,,,,,
58457,봉천로19길,37.4885176,126.9334313,,,,,,,,,,,,,,,,,,,
58460,신림로7가길,37.4698659,126.9420461,,,,,,,,,,,,,,,,,,,
58461,남부순환로156길,37.4816779,126.9203237,,,,,,,,,,,,,,,,,,,
58463,신림로44가길,37.4780708,126.936935,,,,,,,,,,,,,,,,,,,
58464,신원로4길,37.4804286,126.9290357,,,,,,,,,,,,,,,,,,,
58467,장군봉2길,37.4822372,126.9395629,,,,,,,,,,,,,,,,,,,
58497,신림로17길,37.4673556,126.9366212,,,,,,,,,,,,,,,,,,,
58499,은천로33길,37.4881617,126.9527609,,,,,,,,,,,,,,,,,,,
58513,신림로58가길,37.4810403,126.9332909,,,,,,,,,,,,,,,,,,,
58537,난향길,37.4630037,126.9169376,,,,,,,,,,,,,,,,,,,
58538,문성로38가길,37.4764193,126.9276979,,,,,,,,,,,,,,,,,,,
58541,남부순환로200다길,37.4827682,126.9363115,,,,,,,,,,,,,,,,,,,
58609,복은2길,37.473633,126.9377318,,,,,,,,,,,,,,,,,,,
58613,남부순환로224길,37.4801248,126.9532527,,,,,,,,,,,,,,,,,,,
58614,난곡로34다길,37.4715522,126.9223283,,,,,,,,,,,,,,,,,,,
58617,조원로15길,37.4846955,126.9098998,,,,,,,,,,,,,,,,,,,
58620,관천로23길,37.4884187,126.9206798,,,,,,,,,,,,,,,,,,,
58629,신림로29길,37.4744925,126.9342125,,,,,,,,,,,,,,,,,,,
58630,법원단지33길,37.4764873,126.9242828,,,,,,,,,,,,,,,,,,,
58634,조원로23길,37.4852019,126.9127766,,,,,,,,,,,,,,,,,,,
58647,남부순환로244가길,37.4757536,126.9637365,,,,,,,,,,,,,,,,,,,
58648,구암7길,37.4905671,126.9467984,,,,,,,,,,,,,,,,,,,
58650,은천로39길,37.4886703,126.9543411,,,,,,,,,,,,,,,,,,,
58652,난곡로34길,37.4729772,126.9197762,,,,,,,,,,,,,,,,,,,
58656,장군봉4길,37.4818346,126.9396024,,,,,,,,,,,,,,,,,,,
58669,문성로32가길,37.4785145,126.9294838,,,,,,,,,,,,,,,,,,,
58671,양녕로16길,37.4905801,126.9451154,,,,,,,,,,,,,,,,,,,
58674,남현7길,37.4733808,126.9786599,,,,,,,,,,,,,,,,,,,
58675,원신8길,37.4666101,126.9292344,,,,,,,,,,,,,,,,,,,
58676,신림로50길,37.4797789,126.9316075,,,,,,,,,,,,,,,,,,,
58692,남부순환로141가길,37.4816529,126.9085157,,,,,,,,,,,,,,,,,,,
58693,남부순환로256나길,37.4727762,126.9729663,,,,,,,,,,,,,,,,,,,
58695,남부순환로172길,37.4826201,126.9221523,,,,,,,,,,,,,,,,,,,
58696,신림로68길,37.4865872,126.9309931,,,,,,,,,,,,,,,,,,,
58700,신림동7길,37.4859157,126.9264311,,,,,,,,,,,,,,,,,,,
58706,남부순환로272길,37.4751503,126.9782387,,,,,,,,,,,,,,,,,,,
58718,양지2길,37.4711342,126.9318584,,,,,,,,,,,,,,,,,,,
58719,신우길,37.4618154,126.9327673,,,,,,,,,,,,,,,,,,,
58755,양녕로10길,37.486143,126.9477154,,,,,,,,,,,,,,,,,,,
58777,법원단지22길,37.4740577,126.9238594,,,,,,,,,,,,,,,,,,,
58784,남현3길,37.4750656,126.977267,,,,,,,,,,,,,,,,,,,
58793,양녕로6다길,37.4845031,126.9499528,,,,,,,,,,,,,,,,,,,
58794,봉천로17길,37.4885199,126.9315008,,,,,,,,,,,,,,,,,,,
58795,남부순환로240길,37.4767319,126.9607382,,,,,,,,,,,,,,,,,,,
58811,참숯1길,37.4786874,126.9414512,,,,,,,,,,,,,,,,,,,
58812,참숯2길,37.4764037,126.9418455,,,,,,,,,,,,,,,,,,,
58815,청룡6길,37.480319,126.9457657,,,,,,,,,,,,,,,,,,,
58816,호암로20길,37.4671001,126.9351715,,,,,,,,,,,,,,,,,,,
58836,난곡로30길,37.471349,126.921539,,,,,,,,,,,,,,,,,,,
58857,난곡로24나길,37.46947,126.9217976,,,,,,,,,,,,,,,,,,,
58913,구암5가길,37.49115,126.9464681,,,,,,,,,,,,,,,,,,,
58950,낙성대역10길,37.4731555,126.963369,,,,,,,,,,,,,,,,,,,
59018,호암로24가길,37.4681355,126.9338988,,,,,,,,,,,,,,,,,,,
59037,난곡로61길,37.4805324,126.9135579,,,,,,,,,,,,,,,,,,,
59042,봉천로23바길,37.4887929,126.9369909,,,,,,,,,,,,,,,,,,,
59048,신림로11가길,37.4665466,126.938497,,,,,,,,,,,,,,,,,,,
59051,신사로24길,37.4887278,126.9181554,,,,,,,,,,,,,,,,,,,
59062,관천로20길,37.4881465,126.9240541,,,,,,,,,,,,,,,,,,,
59089,신원로5길,37.4825544,126.9270984,,,,,,,,,,,,,,,,,,,
59105,국회단지10길,37.4886169,126.9428017,,,,,,,,,,,,,,,,,,,
59118,서림11가길,37.4715083,126.941276,,,,,,,,,,,,,,,,,,,
59119,호암로18다길,37.4648479,126.9336709,,,,,,,,,,,,,,,,,,,
59120,신림로63길,37.4848184,126.9290042,,,,,,,,,,,,,,,,,,,
59155,난곡로18길,37.4680082,126.9207488,,,,,,,,,,,,,,,,,,,
59156,난곡로57길,37.4792916,126.9137956,,,,,,,,,,,,,,,,,,,
59158,남부순환로168다길,37.4804199,126.9236275,,,,,,,,,,,,,,,,,,,
59164,행운1바길,37.4836795,126.9565328,,,,,,,,,,,,,,,,,,,
59167,양녕로2가길,37.4852458,126.9477808,,,,,,,,,,,,,,,,,,,
59169,남부순환로230길,37.4761924,126.954478,,,,,,,,,,,,,,,,,,,
59171,남부순환로141길,37.4831627,126.9092207,,,,,,,,,,,,,,,,,,,
59172,승방10길,37.4729553,126.9778033,,,,,,,,,,,,,,,,,,,
59175,은천로35가길,37.4864688,126.9536074,,,,,,,,,,,,,,,,,,,
59202,대학10길,37.4676948,126.9363214,,,,,,,,,,,,,,,,,,,
59203,인헌2길,37.4751882,126.9660239,,,,,,,,,,,,,,,,,,,
59204,남부순환로163길,37.484956,126.9212977,,,,,,,,,,,,,,,,,,,
59206,남부순환로131가길,37.4824435,126.9081196,,,,,,,,,,,,,,,,,,,
59210,국회단지15길,37.4895431,126.9400413,,,,,,,,,,,,,,,,,,,
59212,조원중앙로2길,37.4813018,126.9088682,,,,,,,,,,,,,,,,,,,
59221,승방3길,37.4729649,126.9815928,,,,,,,,,,,,,,,,,,,
59222,봉천로23나길,37.4872535,126.9363059,,,,,,,,,,,,,,,,,,,
59255,관악로38길,37.4897798,126.9577336,,,,,,,,,,,,,,,,,,,
59328,낙성대로4길,37.4765516,126.9583074,,,,,,,,,,,,,,,,,,,
59329,봉천로31길,37.4849972,126.939462,,,,,,,,,,,,,,,,,,,
59332,난곡로26나길,37.4689754,126.9234074,,,,,,,,,,,,,,,,,,,
59359,행운1길,37.4827184,126.9563374,,,,,,,,,,,,,,,,,,,
59367,난곡로35나길,37.473271,126.9180351,,,,,,,,,,,,,,,,,,,
59368,은천로23길,37.4885012,126.948658,,,,,,,,,,,,,,,,,,,
59370,남부순환로151길,37.4840656,126.9151561,,,,,,,,,,,,,,,,,,,
59371,행운1마길,37.4831094,126.9553861,,,,,,,,,,,,,,,,,,,
59373,청룡5길,37.4802704,126.9465788,,,,,,,,,,,,,,,,,,,
59375,문성로36길,37.4782616,126.9296629,,,,,,,,,,,,,,,,,,,
59394,난향15길,37.462889,126.9146357,,,,,,,,,,,,,,,,,,,
59395,관악로14나길,37.4772455,126.9572384,,,,,,,,,,,,,,,,,,,
59396,남부순환로220길,37.4800955,126.9516465,,,,,,,,,,,,,,,,,,,
59432,난향14길,37.4637854,126.915425,,,,,,,,,,,,,,,,,,,
59433,은천로35다길,37.4873789,126.9535911,,,,,,,,,,,,,,,,,,,
59466,남부순환로245길,37.4772779,126.9654858,,,,,,,,,,,,,,,,,,,
59473,낙성대역18길,37.4734285,126.9651194,,,,,,,,,,,,,,,,,,,
59501,인헌9길,37.4728996,126.9681725,,,,,,,,,,,,,,,,,,,
59506,남부순환로196길,37.4839387,126.9356116,,,,,,,,,,,,,,,,,,,
59510,서원길,37.4770423,126.9327052,,,,,,,,,,,,,,,,,,,
59521,남부순환로142길,37.4793541,126.9123974,,,,,,,,,,,,,,,,,,,
59528,남부순환로143길,37.4825975,126.9106353,,,,,,,,,,,,,,,,,,,
59563,남부순환로160길,37.4821954,126.9220942,,,,,,,,,,,,,,,,,,,
59649,신림로22길,37.4719807,126.9356292,,,,,,,,,,,,,,,,,,,
59688,신림로58길,37.4823671,126.9318648,,,,,,,,,,,,,,,,,,,
59689,신림로11길,37.4648076,126.9403103,,,,,,,,,,,,,,,,,,,
59693,조원중앙로,37.4827912,126.9062771,,,,,,,,,,,,,,,,,,,
59884,문성로26길,37.4786631,126.9261401,,,,,,,,,,,,,,,,,,,
59886,남현1가길,37.4753516,126.9775057,,,,,,,,,,,,,,,,,,,
59889,장군봉11길,37.4800018,126.9395885,,,,,,,,,,,,,,,,,,,
59890,장군봉5길,37.4807302,126.9412683,,,,,,,,,,,,,,,,,,,
59891,난곡로28길,37.4712162,126.9201499,,,,,,,,,,,,,,,,,,,
59892,봉천로43길,37.4840986,126.9488763,,,,,,,,,,,,,,,,,,,
59898,남부순환로266길,37.4758816,126.9763154,,,,,,,,,,,,,,,,,,,
59899,은천로35길,37.4872963,126.9542334,,,,,,,,,,,,,,,,,,,
59935,장군봉15길,37.4791269,126.940073,,,,,,,,,,,,,,,,,,,
59945,신림로70길,37.4873121,126.9314612,,,,,,,,,,,,,,,,,,,
59948,낙성대역6길,37.4742399,126.9623551,,,,,,,,,,,,,,,,,,,
59949,난곡로31길,37.4714551,126.9190464,,,,,,,,,,,,,,,,,,,
59952,관악로28길,37.4850752,126.9580545,,,,,,,,,,,,,,,,,,,
59953,신원로1길,37.4803253,126.9268482,,,,,,,,,,,,,,,,,,,
59954,남부순환로131길,37.4822702,126.9067991,,,,,,,,,,,,,,,,,,,
60085,신림로71길,37.4880666,126.9267874,,,,,,,,,,,,,,,,,,,
60086,당곡6길,37.4913813,126.9284154,,,,,,,,,,,,,,,,,,,
60137,구암길,37.4913534,126.946676,,,,,,,,,,,,,,,,,,,
60138,행운길,37.4805596,126.9597642,,,,,,,,,,,,,,,,,,,
60139,문성로32길,37.4771002,126.9284716,,,,,,,,,,,,,,,,,,,
60185,쑥고개로2나길,37.4767854,126.9392787,,,,,,,,,,,,,,,,,,,
60433,국회단지9길,37.4886492,126.9400411,,,,,,,,,,,,,,,,,,,
60434,신림로53가길,37.4791767,126.9310201,,,,,,,,,,,,,,,,,,,
60435,남부순환로247길,37.4783772,126.9653889,,,,,,,,,,,,,,,,,,,
60481,호암로26가길,37.4693152,126.9336267,,,,,,,,,,,,,,,,,,,
60482,국회단지5길,37.4881987,126.9395927,,,,,,,,,,,,,,,,,,,
60484,관악로24나길,37.4849432,126.9576527,,,,,,,,,,,,,,,,,,,
60485,은천로37길,37.4877182,126.9550506,,,,,,,,,,,,,,,,,,,
60486,신림로26길,37.472955,126.93449,,,,,,,,,,,,,,,,,,,
60620,난곡로45길,37.4760717,126.9146911,,,,,,,,,,,,,,,,,,,
60622,인헌16나길,37.4689193,126.9665108,,,,,,,,,,,,,,,,,,,
60623,신림로28길,37.4721187,126.9358176,,,,,,,,,,,,,,,,,,,
60624,솔밭로7길,37.4799867,126.9633641,,,,,,,,,,,,,,,,,,,
60625,낙성대로3길,37.4742556,126.9602917,,,,,,,,,,,,,,,,,,,
60674,남부순환로256길,37.474999,126.9724249,,,,,,,,,,,,,,,,,,,
60676,보라매로,37.4907916,126.9277476,,,,,,,,,,,,,,,,,,,
60678,남부순환로200가길,37.4833877,126.936714,,,,,,,,,,,,,,,,,,,
60679,신사로10길,37.4870102,126.9141705,,,,,,,,,,,,,,,,,,,
60680,청림3라길,37.4907171,126.9591214,,,,,,,,,,,,,,,,,,,
60682,청림3바길,37.4909197,126.9592649,,,,,,,,,,,,,,,,,,,
60689,국회단지12길,37.4888026,126.9426125,,,,,,,,,,,,,,,,,,,
60690,인헌12길,37.470746,126.9659693,,,,,,,,,,,,,,,,,,,
60691,남부순환로168길,37.4823986,126.9238284,,,,,,,,,,,,,,,,,,,
60692,동마길,37.4639393,126.930655,,,,,,,,,,,,,,,,,,,
60694,신림로18가길,37.4723687,126.9352453,,,,,,,,,,,,,,,,,,,
60695,국회단지17길,37.4898351,126.9411818,,,,,,,,,,,,,,,,,,,
60830,양녕로7길,37.4859855,126.9465094,,,,,,,,,,,,,,,,,,,
60831,관악로8길,37.4756072,126.9541988,,,,,,,,,,,,,,,,,,,
60834,관악로24길,37.485094,126.956792,,,,,,,,,,,,,,,,,,,
60836,청룡길,37.4772455,126.9454645,,,,,,,,,,,,,,,,,,,
60837,봉천로49길,37.4833711,126.9518954,,,,,,,,,,,,,,,,,,,
60840,서원8길,37.4766809,126.9318043,,,,,,,,,,,,,,,,,,,
60852,조원로4길,37.4825382,126.9048678,,,,,,,,,,,,,,,,,,,
60878,행운5길,37.4817236,126.9588264,,,,,,,,,,,,,,,,,,,
60879,신림로65길,37.4854137,126.9278971,,,,,,,,,,,,,,,,,,,
60880,서원7길,37.4761579,126.9336682,,,,,,,,,,,,,,,,,,,
60883,낙성대역4길,37.4749665,126.9610713,,,,,,,,,,,,,,,,,,,
60891,봉천로17가길,37.4884093,126.932932,,,,,,,,,,,,,,,,,,,
60893,난곡로34나길,37.4726485,126.9221746,,,,,,,,,,,,,,,,,,,
60894,봉천로13다길,37.490934,126.9324239,,,,,,,,,,,,,,,,,,,
60898,청림2길,37.4869216,126.9586887,,,,,,,,,,,,,,,,,,,
60899,솔밭로2길,37.4782768,126.963351,,,,,,,,,,,,,,,,,,,
60901,청림6길,37.4869962,126.9597851,,,,,,,,,,,,,,,,,,,
60902,조원로10길,37.4812755,126.90451,,,,,,,,,,,,,,,,,,,
61030,인헌16길,37.4694647,126.966404,,,,,,,,,,,,,,,,,,,
61031,법원단지2길,37.4737916,126.9194771,,,,,,,,,,,,,,,,,,,
61034,대학18길,37.4640036,126.9361301,,,,,,,,,,,,,,,,,,,
61035,인헌3가길,37.4738222,126.9674738,,,,,,,,,,,,,,,,,,,
61036,법원단지32길,37.4752297,126.9250411,,,,,,,,,,,,,,,,,,,
61079,남부순환로157길,37.4840811,126.9182083,,,,,,,,,,,,,,,,,,,
61080,신림동길,37.4874258,126.9276303,,,,,,,,,,,,,,,,,,,
61081,봉천로12길,37.4872516,126.9295818,,,,,,,,,,,,,,,,,,,
62128,대학7가길,37.4675129,126.9380861,,,,,,,,,,,,,,,,,,,
62146,낙성대로4가길,37.4766969,126.9584257,,,,,,,,,,,,,,,,,,,
62147,남부순환로234길,37.4768648,126.9565771,,,,,,,,,,,,,,,,,,,
62148,봉천로47길,37.4832534,126.950198,,,,,,,,,,,,,,,,,,,
62149,신원로3나길,37.4816659,126.9264929,,,,,,,,,,,,,,,,,,,
62184,신림로48길,37.4792514,126.9346422,,,,,,,,,,,,,,,,,,,
62185,장군봉3길,37.4814341,126.9400474,,,,,,,,,,,,,,,,,,,
62187,은천로28가길,37.4845595,126.9528833,,,,,,,,,,,,,,,,,,,
62188,국회단지길,37.4864567,126.9400382,,,,,,,,,,,,,,,,,,,
62189,난곡로47길,37.4764576,126.9142891,,,,,,,,,,,,,,,,,,,
62190,인헌1길,37.4749414,126.9677748,,,,,,,,,,,,,,,,,,,
62191,남부순환로248길,37.4733297,126.9662396,,,,,,,,,,,,,,,,,,,
62192,난곡로11가길,37.4636368,126.9172897,,,,,,,,,,,,,,,,,,,
62193,조원로16가길,37.4828569,126.9123755,,,,,,,,,,,,,,,,,,,
62245,양녕로6길,37.4835754,126.9500377,,,,,,,,,,,,,,,,,,,
62246,신림로46길,37.478631,126.9345764,,,,,,,,,,,,,,,,,,,
62247,남부순환로163다길,37.485356,126.9221034,,,,,,,,,,,,,,,,,,,
62266,남부순환로246길,37.4755111,126.9642475,,,,,,,,,,,,,,,,,,,
62267,당곡길,37.4914459,126.928089,,,,,,,,,,,,,,,,,,,
62268,난곡로30가길,37.4710845,126.9209531,,,,,,,,,,,,,,,,,,,
62270,남부순환로145길,37.482552,126.9119695,,,,,,,,,,,,,,,,,,,
62271,행운4길,37.4797765,126.9599752,,,,,,,,,,,,,,,,,,,
62310,봉천로21가길,37.4877927,126.9346885,,,,,,,,,,,,,,,,,,,
62312,쑥고개로3길,37.478279,126.9377851,,,,,,,,,,,,,,,,,,,
62314,남현2길,37.4750938,126.9740906,,,,,,,,,,,,,,,,,,,
62316,신사로16길,37.4882424,126.9164426,,,,,,,,,,,,,,,,,,,
62321,관악로6길,37.477108,126.953242,,,,,,,,,,,,,,,,,,,
62322,난곡로63길,37.4809174,126.9137142,,,,,,,,,,,,,,,,,,,
62373,남부순환로180길,37.4833917,126.9308286,,,,,,,,,,,,,,,,,,,
62374,인헌11길,37.4723531,126.9673958,,,,,,,,,,,,,,,,,,,
62405,쑥고개로11길,37.4806658,126.9425301,,,,,,,,,,,,,,,,,,,
62419,국회단지2길,37.4868836,126.9400628,,,,,,,,,,,,,,,,,,,
62461,미성5길,37.4738815,126.9148601,,,,,,,,,,,,,,,,,,,
68805,승방길,37.4722085,126.9776404,,,,,,,,,,,,,,,,,,,
68808,호암로18길,37.4657991,126.9335861,,,,,,,,,,,,,,,,,,,
68813,난곡로42길,37.4758026,126.9170882,,,,,,,,,,,,,,,,,,,
68827,호암로,37.4649202,126.9317364,,,,,,,,,,,,,,,,,,,
68904,낙성대역16길,37.4729836,126.9647486,,,,,,,,,,,,,,,,,,,
68907,관악로11길,37.4783316,126.9477053,,,,,,,,,,,,,,,,,,,
68949,당곡2길,37.491765,126.9310414,,,,,,,,,,,,,,,,,,,
68951,난우10길,37.4763959,126.9201487,,,,,,,,,,,,,,,,,,,
68952,남부순환로247다길,37.4777458,126.9654135,,,,,,,,,,,,,,,,,,,
68953,남부순환로202길,37.4827134,126.9387367,,,,,,,,,,,,,,,,,,,
68956,쑥고개로21길,37.4798446,126.9483571,,,,,,,,,,,,,,,,,,,
68957,신림로39길,37.4766226,126.935493,,,,,,,,,,,,,,,,,,,
68997,행운1나길,37.4824294,126.9558044,,,,,,,,,,,,,,,,,,,
68999,남부순환로247나길,37.4782523,126.9644745,,,,,,,,,,,,,,,,,,,
69004,남부순환로200나길,37.4831331,126.9361175,,,,,,,,,,,,,,,,,,,
69006,남부순환로244길,37.4764262,126.9631766,,,,,,,,,,,,,,,,,,,
69009,남부순환로168가길,37.4812201,126.9252182,,,,,,,,,,,,,,,,,,,
69051,법원단지34길,37.4750646,126.9256407,,,,,,,,,,,,,,,,,,,
69096,봉천로20길,37.486174,126.9325347,,,,,,,,,,,,,,,,,,,
69097,난곡로35다길,37.4718256,126.9186672,,,,,,,,,,,,,,,,,,,
69098,남부순환로161나길,37.4856498,126.9207775,,,,,,,,,,,,,,,,,,,
69148,당곡6라길,37.4938207,126.9300977,,,,,,,,,,,,,,,,,,,
69151,국회단지7길,37.4885258,126.9396887,,,,,,,,,,,,,,,,,,,
69152,봉천로21나길,37.4891182,126.9357486,,,,,,,,,,,,,,,,,,,
69153,관천로16길,37.4875566,126.9254985,,,,,,,,,,,,,,,,,,,
69197,조원로31길,37.4876864,126.9193759,,,,,,,,,,,,,,,,,,,
69199,법원단지5가길,37.4746168,126.9199369,,,,,,,,,,,,,,,,,,,
69201,복은4길,37.4733287,126.9384367,,,,,,,,,,,,,,,,,,,
69202,양산길,37.4737542,126.9322752,,,,,,,,,,,,,,,,,,,
70318,당곡2가길,37.4914875,126.9303401,,,,,,,,,,,,,,,,,,,
70328,조원로13길,37.4850832,126.9112789,,,,,,,,,,,,,,,,,,,
70330,남현길,37.4740889,126.9765237,,,,,,,,,,,,,,,,,,,
70331,양녕로1가길,37.4841487,126.9460734,,,,,,,,,,,,,,,,,,,
70339,난곡로41길,37.4754732,126.9156201,,,,,,,,,,,,,,,,,,,
70342,법원단지5길,37.476305,126.9212629,,,,,,,,,,,,,,,,,,,
70345,난향9길,37.4610071,126.9149559,,,,,,,,,,,,,,,,,,,
70346,보라매로6길,37.492633,126.9271709,,,,,,,,,,,,,,,,,,,
70349,미성1길,37.4740728,126.916999,,,,,,,,,,,,,,,,,,,
70350,양지17길,37.4690726,126.9309169,,,,,,,,,,,,,,,,,,,
70354,문성로,37.4795198,126.9265933,,,,,,,,,,,,,,,,,,,
70357,행운2길,37.4789296,126.9609193,,,,,,,,,,,,,,,,,,,
70358,난곡로74길,37.4864031,126.9174151,,,,,,,,,,,,,,,,,,,
70360,양지1길,37.4712344,126.9322549,,,,,,,,,,,,,,,,,,,
70362,청림3다길,37.4905745,126.9572537,,,,,,,,,,,,,,,,,,,
70363,은천로25길,37.4878211,126.949175,,,,,,,,,,,,,,,,,,,
70364,난곡로24가길,37.4694063,126.9234758,,,,,,,,,,,,,,,,,,,
70368,관천로24길,37.4891794,126.9229981,,,,,,,,,,,,,,,,,,,
70381,관천로11길,37.4844997,126.9231411,,,,,,,,,,,,,,,,,,,
70382,법원단지5나길,37.4751572,126.920126,,,,,,,,,,,,,,,,,,,
70390,난곡로26다길,37.4698996,126.9245716,,,,,,,,,,,,,,,,,,,
70394,남부순환로249길,37.4762381,126.9675692,,,,,,,,,,,,,,,,,,,
70396,난곡로24길,37.4695591,126.9206879,,,,,,,,,,,,,,,,,,,
70404,난향12길,37.4634994,126.9159031,,,,,,,,,,,,,,,,,,,
70405,신원로,37.4807927,126.9276026,,,,,,,,,,,,,,,,,,,
70413,신림로,37.4777395,126.935383,,,,,,,,,,,,,,,,,,,
70424,중앙길,37.4851551,126.9506624,,,,,,,,,,,,,,,,,,,
70456,난우16길,37.4778751,126.9186417,,,,,,,,,,,,,,,,,,,
70457,행운1다길,37.4825234,126.9566844,,,,,,,,,,,,,,,,,,,
70463,봉천로4길,37.487419,126.9238735,,,,,,,,,,,,,,,,,,,
70465,신림로36길,37.4760131,126.9382381,,,,,,,,,,,,,,,,,,,
70477,관천로10길,37.4853972,126.9263353,,,,,,,,,,,,,,,,,,,
70487,봉천로41길,37.483756,126.9481313,,,,,,,,,,,,,,,,,,,
70489,관천로26길,37.4893464,126.9257465,,,,,,,,,,,,,,,,,,,
70493,원신11길,37.4602799,126.9296526,,,,,,,,,,,,,,,,,,,
70494,청룡12길,37.4779122,126.9439417,,,,,,,,,,,,,,,,,,,
70498,은천로35라길,37.4880561,126.9531427,,,,,,,,,,,,,,,,,,,
70502,신림로23길,37.4668677,126.9344794,,,,,,,,,,,,,,,,,,,
70505,법원단지24길,37.4744739,126.9237477,,,,,,,,,,,,,,,,,,,
70515,청림3가길,37.4898425,126.9594972,,,,,,,,,,,,,,,,,,,
70516,은천로19길,37.4885771,126.9478381,,,,,,,,,,,,,,,,,,,
70517,청림3나길,37.4892501,126.9582005,,,,,,,,,,,,,,,,,,,
70519,원신4길,37.4686813,126.9316706,,,,,,,,,,,,,,,,,,,
70520,관천로,37.4844078,126.9250781,,,,,,,,,,,,,,,,,,,
70521,청림3마길,37.4907457,126.9580403,,,,,,,,,,,,,,,,,,,
70525,난곡로72길,37.4853651,126.9145727,,,,,,,,,,,,,,,,,,,
70528,청림5가길,37.4894285,126.9592867,,,,,,,,,,,,,,,,,,,
70529,인헌6길,37.4738647,126.9652245,,,,,,,,,,,,,,,,,,,
70534,문성로38다길,37.4758411,126.929027,,,,,,,,,,,,,,,,,,,
70535,양녕로,37.4906794,126.9453371,,,,,,,,,,,,,,,,,,,
70538,신림로7나길,37.4697398,126.9410905,,,,,,,,,,,,,,,,,,,
70547,난곡로59길,37.4798305,126.912253,,,,,,,,,,,,,,,,,,,
70549,문성로38라길,37.4755498,126.9290573,,,,,,,,,,,,,,,,,,,
70561,난곡로24바길,37.4680322,126.9218662,,,,,,,,,,,,,,,,,,,
70567,난곡로20길,37.4684113,126.9207482,,,,,,,,,,,,,,,,,,,
70581,신림로14길,37.471615,126.9385547,,,,,,,,,,,,,,,,,,,
70597,남부순환로155길,37.484081,126.9177953,,,,,,,,,,,,,,,,,,,
70613,남부순환로144길,37.4797229,126.9128838,,,,,,,,,,,,,,,,,,,
70616,난곡로77길,37.4859903,126.9129233,,,,,,,,,,,,,,,,,,,
70617,청림3길,37.4889141,126.9595083,,,,,,,,,,,,,,,,,,,
70623,남부순환로165길,37.4851852,126.9231028,,,,,,,,,,,,,,,,,,,
70624,남부순환로239길,37.4784547,126.9611422,,,,,,,,,,,,,,,,,,,
70638,청림5나길,37.4900945,126.9593891,,,,,,,,,,,,,,,,,,,
70639,봉천로13길,37.4912237,126.9321365,,,,,,,,,,,,,,,,,,,
70640,봉천로33가길,37.4847176,126.9445998,,,,,,,,,,,,,,,,,,,
70642,문성로25길,37.4796261,126.9251691,,,,,,,,,,,,,,,,,,,
70643,신림로3가길,37.4687547,126.9426846,,,,,,,,,,,,,,,,,,,
70654,남부순환로,37.4776787,126.9630787,,,,,,,,,,,,,,,,,,,
70655,난곡로43길,37.4758694,126.9150164,,,,,,,,,,,,,,,,,,,
70656,복은10길,37.4743273,126.941782,,,,,,,,,,,,,,,,,,,
70657,청림5길,37.4915328,126.960046,,,,,,,,,,,,,,,,,,,
70662,관천로25길,37.4881285,126.9199535,,,,,,,,,,,,,,,,,,,
70663,남부순환로200길,37.4838507,126.9373787,,,,,,,,,,,,,,,,,,,
70664,쑥고개로,37.4791479,126.9451607,,,,,,,,,,,,,,,,,,,
70668,서림길,37.4731242,126.9390447,,,,,,,,,,,,,,,,,,,
70670,신림동1길,37.4867826,126.9283529,,,,,,,,,,,,,,,,,,,
70672,쑥고개로2다길,37.476263,126.9408818,,,,,,,,,,,,,,,,,,,
70674,남부순환로246라길,37.4743549,126.9644738,,,,,,,,,,,,,,,,,,,
70675,난곡로49길,37.4771081,126.9148552,,,,,,,,,,,,,,,,,,,
70676,봉천로,37.4858667,126.9374086,,,,,,,,,,,,,,,,,,,
70679,대학14길,37.4658863,126.9356011,,,,,,,,,,,,,,,,,,,
70684,낙성대로,37.4773368,126.9597469,,,,,,,,,,,,,,,,,,,
70686,봉천로23다길,37.4880607,126.9375953,,,,,,,,,,,,,,,,,,,
70688,양지5길,37.4722262,126.9303903,,,,,,,,,,,,,,,,,,,
70689,남부순환로161길,37.4844289,126.9196939,,,,,,,,,,,,,,,,,,,
70696,관악로14가길,37.4759646,126.9551695,,,,,,,,,,,,,,,,,,,
70698,남현4길,37.4749487,126.9756131,,,,,,,,,,,,,,,,,,,
70699,법원단지31길,37.4763516,126.9240444,,,,,,,,,,,,,,,,,,,
70700,약수암길,37.4602216,126.9320074,,,,,,,,,,,,,,,,,,,
70702,신림로48가길,37.4794191,126.9325191,,,,,,,,,,,,,,,,,,,
70704,법원단지30길,37.4748069,126.9252217,,,,,,,,,,,,,,,,,,,
70705,국회단지22길,37.4905975,126.9424738,,,,,,,,,,,,,,,,,,,
70707,당곡6다길,37.4935134,126.9296338,,,,,,,,,,,,,,,,,,,
70709,미성7길,37.4744678,126.9152242,,,,,,,,,,,,,,,,,,,
70710,남부순환로170길,37.4821833,126.9244716,,,,,,,,,,,,,,,,,,,
70711,서림3길,37.4721461,126.9414461,,,,,,,,,,,,,,,,,,,
70717,난곡로16길,37.4668984,126.9215119,,,,,,,,,,,,,,,,,,,
70718,행운8길,37.4819183,126.9612697,,,,,,,,,,,,,,,,,,,
70719,남부순환로192길,37.4836027,126.9346895,,,,,,,,,,,,,,,,,,,
70722,시흥대로158가길,37.4806345,126.9004555,,,,,,,,,,,,,,,,,,,
70727,남부순환로143가길,37.4825111,126.9093434,,,,,,,,,,,,,,,,,,,
70730,남부순환로153길,37.4843969,126.9157322,,,,,,,,,,,,,,,,,,,
70731,행운6길,37.4809167,126.9603577,,,,,,,,,,,,,,,,,,,
70732,양지길,37.4714708,126.9303524,,,,,,,,,,,,,,,,,,,
70733,남부순환로226길,37.4794857,126.9545494,,,,,,,,,,,,,,,,,,,
70734,낙성대로15길,37.4674435,126.96336,,,,,,,,,,,,,,,,,,,
70736,원신3길,37.4691401,126.9322262,,,,,,,,,,,,,,,,,,,
70741,난곡로26가길,37.4706587,126.9212001,,,,,,,,,,,,,,,,,,,
70744,장군봉1길,37.4819565,126.9412799,,,,,,,,,,,,,,,,,,,
70746,봉천로21길,37.4912584,126.9345612,,,,,,,,,,,,,,,,,,,
70747,문성로16나길,37.4751891,126.9136229,,,,,,,,,,,,,,,,,,,
70751,난우12길,37.4768888,126.9185873,,,,,,,,,,,,,,,,,,,
70754,남부순환로168나길,37.4804976,126.9252229,,,,,,,,,,,,,,,,,,,
70755,중앙1나길,37.4834258,126.9531172,,,,,,,,,,,,,,,,,,,
70756,난곡로35마길,37.4710438,126.9182302,,,,,,,,,,,,,,,,,,,
70769,관천로22길,37.4885101,126.9237608,,,,,,,,,,,,,,,,,,,
70771,은천로35나길,37.4870034,126.953115,,,,,,,,,,,,,,,,,,,
70782,미성길,37.4747147,126.9160034,,,,,,,,,,,,,,,,,,,
70786,은천로2길,37.4857757,126.9379775,,,,,,,,,,,,,,,,,,,
70789,관악로10길,37.476602,126.9546048,,,,,,,,,,,,,,,,,,,
70794,청룡9길,37.4782174,126.9464071,,,,,,,,,,,,,,,,,,,
70797,복은14길,37.4747316,126.9426268,,,,,,,,,,,,,,,,,,,
70799,난곡로15길,37.4671088,126.919812,,,,,,,,,,,,,,,,,,,
70802,신림동5나길,37.4857207,126.9263746,,,,,,,,,,,,,,,,,,,
70813,조원로19길,37.4849347,126.9121149,,,,,,,,,,,,,,,,,,,
70814,인헌길,37.4738374,126.9671317,,,,,,,,,,,,,,,,,,,
70815,신사로,37.4858142,126.911514,,,,,,,,,,,,,,,,,,,
70816,원신2길,37.4699617,126.9317656,,,,,,,,,,,,,,,,,,,
70817,남부순환로184가길,37.4834787,126.9329173,,,,,,,,,,,,,,,,,,,
70824,난곡로16가길,37.4664461,126.9209903,,,,,,,,,,,,,,,,,,,
70826,인헌1다길,37.4738045,126.9701047,,,,,,,,,,,,,,,,,,,
70827,조원로6길,37.4822831,126.9044827,,,,,,,,,,,,,,,,,,,
70828,봉천로49나길,37.483279,126.9495903,,,,,,,,,,,,,,,,,,,
70829,관악로12길,37.4785076,126.9527142,,,,,,,,,,,,,,,,,,,
70850,은천로5길,37.4878864,126.9386851,,,,,,,,,,,,,,,,,,,
70853,조원로,37.4859841,126.9206272,,,,,,,,,,,,,,,,,,,
70854,난곡로,37.4676535,126.920958,,,,,,,,,,,,,,,,,,,
70856,봉천로33길,37.4849533,126.9441525,,,,,,,,,,,,,,,,,,,
70860,관천로18길,37.4878918,126.9249171,,,,,,,,,,,,,,,,,,,
70861,문성로16길,37.4759489,126.9134375,,,,,,,,,,,,,,,,,,,
70862,시흥대로,37.4819832,126.9010909,,,,,,,,,,,,,,,,,,,
70863,문성로38길,37.4777333,126.9308131,,,,,,,,,,,,,,,,,,,
70864,봉천로45길,37.483947,126.9494201,,,,,,,,,,,,,,,,,,,
70865,시흥대로160길,37.4799755,126.9020376,,,,,,,,,,,,,,,,,,,
70866,봉천로23라길,37.4883074,126.9366388,,,,,,,,,,,,,,,,,,,
70870,봉천로13나길,37.490193,126.932581,,,,,,,,,,,,,,,,,,,
70872,원신9길,37.4603337,126.928857,,,,,,,,,,,,,,,,,,,
70873,관천로19길,37.4868266,126.9171723,,,,,,,,,,,,,,,,,,,
70874,남부순환로228길,37.4772176,126.9541219,,,,,,,,,,,,,,,,,,,
70875,문성로28길,37.4785764,126.9277937,,,,,,,,,,,,,,,,,,,
70876,원신6길,37.4672775,126.9312949,,,,,,,,,,,,,,,,,,,
70878,청룡2길,37.4814753,126.9454709,,,,,,,,,,,,,,,,,,,
70880,조원로17길,37.4848012,126.9113739,,,,,,,,,,,,,,,,,,,
70885,조원로14길,37.4822146,126.910157,,,,,,,,,,,,,,,,,,,
70889,대학7길,37.4685545,126.9392357,,,,,,,,,,,,,,,,,,,
70890,남부순환로260길,37.4755525,126.9737874,,,,,,,,,,,,,,,,,,,
70892,양산2길,37.4744339,126.9314611,,,,,,,,,,,,,,,,,,,
70894,참숯길,37.4788685,126.9423417,,,,,,,,,,,,,,,,,,,
70895,한솔길,37.477673,126.9428143,,,,,,,,,,,,,,,,,,,
70901,난곡로66가길,37.4835221,126.9148062,,,,,,,,,,,,,,,,,,,
70903,조원로18길,37.4834275,126.912571,,,,,,,,,,,,,,,,,,,
70904,신원로3길,37.4830454,126.926107,,,,,,,,,,,,,,,,,,,
70906,조원중앙로1길,37.480287,126.9024134,,,,,,,,,,,,,,,,,,,
70907,당곡4길,37.4915224,126.928985,,,,,,,,,,,,,,,,,,,
70908,청룡10길,37.4789249,126.9452895,,,,,,,,,,,,,,,,,,,
70909,남현1길,37.4753682,126.981496,,,,,,,,,,,,,,,,,,,
70910,난곡로76길,37.4863663,126.914301,,,,,,,,,,,,,,,,,,,
70912,서림6길,37.4729317,126.938472,,,,,,,,,,,,,,,,,,,
70913,은천로30길,37.4856154,126.9515443,,,,,,,,,,,,,,,,,,,
70914,난곡로55길,37.479031,126.9134773,,,,,,,,,,,,,,,,,,,
70915,복은6길,37.4740521,126.9400562,,,,,,,,,,,,,,,,,,,
70918,쑥고개로16길,37.478189,126.9442943,,,,,,,,,,,,,,,,,,,
70920,대학12길,37.4657442,126.9363141,,,,,,,,,,,,,,,,,,,
70922,관천로12길,37.4859268,126.9258274,,,,,,,,,,,,,,,,,,,
70923,인헌21길,37.4699928,126.9694391,,,,,,,,,,,,,,,,,,,
70926,신원로3가길,37.4807819,126.9271744,,,,,,,,,,,,,,,,,,,
70928,양녕로1길,37.4834344,126.9460461,,,,,,,,,,,,,,,,,,,
70929,쑥고개로2가길,37.476803,126.9403667,,,,,,,,,,,,,,,,,,,
70932,인헌1가길,37.4731435,126.9685609,,,,,,,,,,,,,,,,,,,
70933,원신길,37.4717709,126.9328736,,,,,,,,,,,,,,,,,,,
70934,대학길,37.4678486,126.9374561,,,,,,,,,,,,,,,,,,,
70935,장군봉길,37.4805054,126.9396792,,,,,,,,,,,,,,,,,,,
70936,청룡3길,37.4808649,126.9466884,,,,,,,,,,,,,,,,,,,
70937,신림로66길,37.485857,126.9330935,,,,,,,,,,,,,,,,,,,
70939,은천로,37.4870253,126.9445778,,,,,,,,,,,,,,,,,,,
70942,장군봉9길,37.4800339,126.9394998,,,,,,,,,,,,,,,,,,,
70945,남부순환로231길,37.4812437,126.9585897,,,,,,,,,,,,,,,,,,,
70946,법원단지26길,37.4741198,126.9248517,,,,,,,,,,,,,,,,,,,
70949,대학2길,37.4699854,126.9367354,,,,,,,,,,,,,,,,,,,
70951,문성로29길,37.4800187,126.9275126,,,,,,,,,,,,,,,,,,,
70955,신림로56길,37.4814052,126.9310349,,,,,,,,,,,,,,,,,,,
70960,남부순환로190길,37.482898,126.9340022,,,,,,,,,,,,,,,,,,,
70969,남부순환로163가길,37.4842548,126.9212575,,,,,,,,,,,,,,,,,,,
70985,남부순환로194길,37.4815723,126.9337085,,,,,,,,,,,,,,,,,,,
70997,신림로59길,37.4832655,126.9293,,,,,,,,,,,,,,,,,,,
70999,난곡로9길,37.4638391,126.9176225,,,,,,,,,,,,,,,,,,,
71015,은천로15길,37.4870936,126.9439972,,,,,,,,,,,,,,,,,,,
71016,관악로,37.4901936,126.9572152,,,,,,,,,,,,,,,,,,,
71017,난곡로26길,37.4701068,126.9233302,,,,,,,,,,,,,,,,,,,
71022,복은길,37.4744216,126.9368006,,,,,,,,,,,,,,,,,,,
71023,봉천로35길,37.4841436,126.9452858,,,,,,,,,,,,,,,,,,,
71026,국회단지4길,37.4874018,126.9413333,,,,,,,,,,,,,,,,,,,